id,country,country_id,continent,site_id,site_name,latitude,longitude,rural_urban,month_start,year_start,month_end,year_end,lower_age,upper_age,examined,pf_pos,pf_pr,method,rdt_type,pcr_type,dhs_id,source_id1,source_id2,source_id3,date,survey_type
1071935,Tanzania,TZA,Africa,1071933,TZ201700000246,-3.68445,33.421114,URBAN,10,2017,10,2017,0.5,3,12,0,0,RDT,Unknown,NA,TZ201700000246,1000095291,5680,NA,2017-10-01,MIS
1071947,Tanzania,TZA,Africa,1071945,TZ201700000248,-3.644642,33.426935,URBAN,10,2017,10,2017,0.5,4,14,0,0,RDT,Unknown,NA,TZ201700000248,1000095291,5680,NA,2017-10-01,MIS
1071737,Tanzania,TZA,Africa,1071735,TZ201700000213,-5.220212,31.736117,RURAL,10,2017,10,2017,0.5,4,34,7,0.205882352941176,RDT,Unknown,NA,TZ201700000213,1000095291,5680,NA,2017-10-01,MIS
1071041,Tanzania,TZA,Africa,1071039,TZ201700000097,-8.612839,38.769938,RURAL,10,2017,10,2017,0.5,4,11,2,0.181818181818182,RDT,Unknown,NA,TZ201700000097,1000095291,5680,NA,2017-10-01,MIS
1072997,Tanzania,TZA,Africa,1072995,TZ201700000423,-6.138235,39.244051,URBAN,10,2017,10,2017,0.5,4,21,0,0,RDT,Unknown,NA,TZ201700000423,1000095291,5680,NA,2017-10-01,MIS
1072811,Tanzania,TZA,Africa,1072809,TZ201700000392,-2.992686,31.932756,URBAN,10,2017,10,2017,0.5,4,18,0,0,RDT,Unknown,NA,TZ201700000392,1000095291,5680,NA,2017-10-01,MIS
1071761,Tanzania,TZA,Africa,1071759,TZ201700000217,-8.732586,31.594202,RURAL,10,2017,10,2017,0.5,4,19,0,0,RDT,Unknown,NA,TZ201700000217,1000095291,5680,NA,2017-10-01,MIS
1072565,Tanzania,TZA,Africa,1072563,TZ201700000351,-6.203073,31.012133,RURAL,10,2017,10,2017,0.5,4,14,4,0.285714285714286,RDT,Unknown,NA,TZ201700000351,1000095291,5680,NA,2017-10-01,MIS
1071305,Tanzania,TZA,Africa,1071303,TZ201700000141,-10.660708,35.239078,RURAL,10,2017,10,2017,0.5,4,14,0,0,RDT,Unknown,NA,TZ201700000141,1000095291,5680,NA,2017-10-01,MIS
1072583,Tanzania,TZA,Africa,1072581,TZ201700000354,-6.498746,30.824463,RURAL,10,2017,10,2017,0.5,4,35,0,0,RDT,Unknown,NA,TZ201700000354,1000095291,5680,NA,2017-10-01,MIS
1072703,Tanzania,TZA,Africa,1072701,TZ201700000374,-2.911576,33.969116,RURAL,10,2017,10,2017,0.5,4,39,0,0,RDT,Unknown,NA,TZ201700000374,1000095291,5680,NA,2017-10-01,MIS
1072265,Tanzania,TZA,Africa,1072263,TZ201700000301,-2.529691,32.958722,URBAN,10,2017,10,2017,0.5,4,16,0,0,RDT,Unknown,NA,TZ201700000301,1000095291,5680,NA,2017-10-01,MIS
1072439,Tanzania,TZA,Africa,1072437,TZ201700000330,-4.069124,35.364781,URBAN,10,2017,10,2017,0.5,4,19,0,0,RDT,Unknown,NA,TZ201700000330,1000095291,5680,NA,2017-10-01,MIS
1072445,Tanzania,TZA,Africa,1072443,TZ201700000331,-4.196218,35.096152,RURAL,10,2017,10,2017,0.5,4,21,0,0,RDT,Unknown,NA,TZ201700000331,1000095291,5680,NA,2017-10-01,MIS
1071359,Tanzania,TZA,Africa,1071357,TZ201700000150,-10.651567,35.685085,URBAN,10,2017,10,2017,0.5,4,5,0,0,RDT,Unknown,NA,TZ201700000150,1000095291,5680,NA,2017-10-01,MIS
1072985,Tanzania,TZA,Africa,1072983,TZ201700000421,-6.134559,39.221234,RURAL,10,2017,10,2017,0.5,4,22,0,0,RDT,Unknown,NA,TZ201700000421,1000095291,5680,NA,2017-10-01,MIS
1072961,Tanzania,TZA,Africa,1072959,TZ201700000417,-6.407256,39.556169,URBAN,10,2017,10,2017,0.5,4,11,0,0,RDT,Unknown,NA,TZ201700000417,1000095291,5680,NA,2017-10-01,MIS
1072817,Tanzania,TZA,Africa,1072815,TZ201700000393,-2.776854,31.923926,RURAL,10,2017,10,2017,0.5,4,25,14,0.56,RDT,Unknown,NA,TZ201700000393,1000095291,5680,NA,2017-10-01,MIS
1072721,Tanzania,TZA,Africa,1072719,TZ201700000377,-3.010919,34.344829,RURAL,10,2017,10,2017,0.5,4,39,0,0,RDT,Unknown,NA,TZ201700000377,1000095291,5680,NA,2017-10-01,MIS
1072709,Tanzania,TZA,Africa,1072707,TZ201700000375,-3.5324430000000002,34.262272,RURAL,10,2017,10,2017,0.5,4,43,0,0,RDT,Unknown,NA,TZ201700000375,1000095291,5680,NA,2017-10-01,MIS
1072433,Tanzania,TZA,Africa,1072431,TZ201700000329,-3.971149,35.356314,RURAL,10,2017,10,2017,0.5,4,28,0,0,RDT,Unknown,NA,TZ201700000329,1000095291,5680,NA,2017-10-01,MIS
1072379,Tanzania,TZA,Africa,1072377,TZ201700000320,-1.149794,34.03557,URBAN,10,2017,10,2017,0.5,4,15,0,0,RDT,Unknown,NA,TZ201700000320,1000095291,5680,NA,2017-10-01,MIS
1071245,Tanzania,TZA,Africa,1071243,TZ201700000131,-10.287794,40.165641,URBAN,10,2017,10,2017,0.5,4,7,0,0,RDT,Unknown,NA,TZ201700000131,1000095291,5680,NA,2017-10-01,MIS
1070597,Tanzania,TZA,Africa,1070595,TZ201700000023,-4.418593,37.963316,RURAL,10,2017,10,2017,0.5,4,15,0,0,RDT,Unknown,NA,TZ201700000023,1000095291,5680,NA,2017-10-01,MIS
1073009,Tanzania,TZA,Africa,1073007,TZ201700000425,-6.177329,39.254454,RURAL,10,2017,10,2017,0.5,4,24,0,0,RDT,Unknown,NA,TZ201700000425,1000095291,5680,NA,2017-10-01,MIS
1073027,Tanzania,TZA,Africa,1073025,TZ201700000428,-6.140947,39.213492,RURAL,10,2017,10,2017,0.5,4,15,0,0,RDT,Unknown,NA,TZ201700000428,1000095291,5680,NA,2017-10-01,MIS
1072397,Tanzania,TZA,Africa,1072395,TZ201700000323,-1.598165,34.124633,RURAL,10,2017,10,2017,0.5,4,17,1,0.0588235294117647,RDT,Unknown,NA,TZ201700000323,1000095291,5680,NA,2017-10-01,MIS
1072409,Tanzania,TZA,Africa,1072407,TZ201700000325,-1.58453,33.839766,RURAL,10,2017,10,2017,0.5,4,14,0,0,RDT,Unknown,NA,TZ201700000325,1000095291,5680,NA,2017-10-01,MIS
1072535,Tanzania,TZA,Africa,1072533,TZ201700000346,-6.492643,30.884818,RURAL,10,2017,10,2017,0.5,4,37,1,0.027027027027027,RDT,Unknown,NA,TZ201700000346,1000095291,5680,NA,2017-10-01,MIS
1072715,Tanzania,TZA,Africa,1072713,TZ201700000376,-3.871312,34.233376,RURAL,10,2017,10,2017,0.5,4,45,0,0,RDT,Unknown,NA,TZ201700000376,1000095291,5680,NA,2017-10-01,MIS
1071035,Tanzania,TZA,Africa,1071033,TZ201700000096,-8.485494,39.099182,RURAL,10,2017,10,2017,0.6,4,18,10,0.555555555555556,RDT,Unknown,NA,TZ201700000096,1000095291,5680,NA,2017-10-01,MIS
1071059,Tanzania,TZA,Africa,1071057,TZ201700000100,-8.429662,39.030781,RURAL,10,2017,10,2017,0.6,4,26,7,0.269230769230769,RDT,Unknown,NA,TZ201700000100,1000095291,5680,NA,2017-10-01,MIS
1072679,Tanzania,TZA,Africa,1072677,TZ201700000370,-2.404463,34.1178,RURAL,10,2017,10,2017,0.6,4,48,4,0.0833333333333333,RDT,Unknown,NA,TZ201700000370,1000095291,5680,NA,2017-10-01,MIS
1072235,Tanzania,TZA,Africa,1072233,TZ201700000296,-2.635955,32.767418,RURAL,10,2017,10,2017,0.6,4,28,2,0.0714285714285714,RDT,Unknown,NA,TZ201700000296,1000095291,5680,NA,2017-10-01,MIS
1071959,Tanzania,TZA,Africa,1071957,TZ201700000250,-3.864354,34.005964,RURAL,10,2017,10,2017,0.6,4,26,0,0,RDT,Unknown,NA,TZ201700000250,1000095291,5680,NA,2017-10-01,MIS
1071893,Tanzania,TZA,Africa,1071891,TZ201700000239,-4.967203,30.279482,RURAL,10,2017,10,2017,0.6,4,24,1,0.0416666666666667,RDT,Unknown,NA,TZ201700000239,1000095291,5680,NA,2017-10-01,MIS
1071239,Tanzania,TZA,Africa,1071237,TZ201700000130,-10.280749,40.18179,URBAN,10,2017,10,2017,0.6,4,11,0,0,RDT,Unknown,NA,TZ201700000130,1000095291,5680,NA,2017-10-01,MIS
1071755,Tanzania,TZA,Africa,1071753,TZ201700000216,-8.358584,31.10983,RURAL,10,2017,10,2017,0.6,4,18,0,0,RDT,Unknown,NA,TZ201700000216,1000095291,5680,NA,2017-10-01,MIS
1073003,Tanzania,TZA,Africa,1073001,TZ201700000424,-6.148845,39.225469,URBAN,10,2017,10,2017,0.6,4,9,0,0,RDT,Unknown,NA,TZ201700000424,1000095291,5680,NA,2017-10-01,MIS
1070543,Tanzania,TZA,Africa,1070541,TZ201700000014,-3.365852,36.731548,URBAN,10,2017,10,2017,0.6,4,9,0,0,RDT,Unknown,NA,TZ201700000014,1000095291,5680,NA,2017-10-01,MIS
1070537,Tanzania,TZA,Africa,1070535,TZ201700000013,-3.353635,36.75733,RURAL,10,2017,10,2017,0.6,4,7,0,0,RDT,Unknown,NA,TZ201700000013,1000095291,5680,NA,2017-10-01,MIS
1072469,Tanzania,TZA,Africa,1072467,TZ201700000335,-4.245933,35.743127,URBAN,10,2017,10,2017,0.6,4,15,0,0,RDT,Unknown,NA,TZ201700000335,1000095291,5680,NA,2017-10-01,MIS
1072367,Tanzania,TZA,Africa,1072365,TZ201700000318,-1.516928,33.797791,URBAN,10,2017,10,2017,0.6,4,15,0,0,RDT,Unknown,NA,TZ201700000318,1000095291,5680,NA,2017-10-01,MIS
1070555,Tanzania,TZA,Africa,1070553,TZ201700000016,-3.350874,35.65288,RURAL,10,2017,10,2017,0.6,4,18,0,0,RDT,Unknown,NA,TZ201700000016,1000095291,5680,NA,2017-10-01,MIS
1072697,Tanzania,TZA,Africa,1072695,TZ201700000373,-2.913865,34.158689,RURAL,10,2017,10,2017,0.6,4,36,0,0,RDT,Unknown,NA,TZ201700000373,1000095291,5680,NA,2017-10-01,MIS
1073015,Tanzania,TZA,Africa,1073013,TZ201700000426,-6.18196,39.228552,URBAN,10,2017,10,2017,0.6,4,15,1,0.0666666666666667,RDT,Unknown,NA,TZ201700000426,1000095291,5680,NA,2017-10-01,MIS
1071743,Tanzania,TZA,Africa,1071741,TZ201700000214,-4.777458,31.6864,RURAL,10,2017,10,2017,0.6,4,39,7,0.179487179487179,RDT,Unknown,NA,TZ201700000214,1000095291,5680,NA,2017-10-01,MIS
1072133,Tanzania,TZA,Africa,1072131,TZ201700000279,-2.522332,30.642004,URBAN,10,2017,10,2017,0.6,4,9,0,0,RDT,Unknown,NA,TZ201700000279,1000095291,5680,NA,2017-10-01,MIS
1071965,Tanzania,TZA,Africa,1071963,TZ201700000251,-3.666056,33.089866,RURAL,10,2017,10,2017,0.6,4,34,1,0.0294117647058824,RDT,Unknown,NA,TZ201700000251,1000095291,5680,NA,2017-10-01,MIS
1071941,Tanzania,TZA,Africa,1071939,TZ201700000247,-3.582012,33.410373,RURAL,10,2017,10,2017,0.6,4,20,0,0,RDT,Unknown,NA,TZ201700000247,1000095291,5680,NA,2017-10-01,MIS
1070633,Tanzania,TZA,Africa,1070631,TZ201700000029,-3.360455,37.311854,URBAN,10,2017,10,2017,0.7,3,10,0,0,RDT,Unknown,NA,TZ201700000029,1000095291,5680,NA,2017-10-01,MIS
1070567,Tanzania,TZA,Africa,1070565,TZ201700000018,-3.140829,35.315403,RURAL,10,2017,10,2017,0.7,4,12,0,0,RDT,Unknown,NA,TZ201700000018,1000095291,5680,NA,2017-10-01,MIS
1070621,Tanzania,TZA,Africa,1070619,TZ201700000027,-3.173516,37.194459,RURAL,10,2017,10,2017,0.7,4,10,0,0,RDT,Unknown,NA,TZ201700000027,1000095291,5680,NA,2017-10-01,MIS
1070735,Tanzania,TZA,Africa,1070733,TZ201700000046,-6.940008,37.766831,RURAL,10,2017,10,2017,0.7,4,10,0,0,RDT,Unknown,NA,TZ201700000046,1000095291,5680,NA,2017-10-01,MIS
1071815,Tanzania,TZA,Africa,1071813,TZ201700000226,-3.588996,30.659777,RURAL,10,2017,10,2017,0.7,4,20,10,0.5,RDT,Unknown,NA,TZ201700000226,1000095291,5680,NA,2017-10-01,MIS
1071977,Tanzania,TZA,Africa,1071975,TZ201700000253,-3.769262,33.3139,RURAL,10,2017,10,2017,0.7,4,20,0,0,RDT,Unknown,NA,TZ201700000253,1000095291,5680,NA,2017-10-01,MIS
1072271,Tanzania,TZA,Africa,1072269,TZ201700000302,-2.505779,32.889133,URBAN,10,2017,10,2017,0.7,4,12,1,0.0833333333333333,RDT,Unknown,NA,TZ201700000302,1000095291,5680,NA,2017-10-01,MIS
1072691,Tanzania,TZA,Africa,1072689,TZ201700000372,-2.723535,34.361722,RURAL,10,2017,10,2017,0.7,4,29,3,0.103448275862069,RDT,Unknown,NA,TZ201700000372,1000095291,5680,NA,2017-10-01,MIS
1072403,Tanzania,TZA,Africa,1072401,TZ201700000324,-1.853025,33.847729,RURAL,10,2017,10,2017,0.7,4,14,0,0,RDT,Unknown,NA,TZ201700000324,1000095291,5680,NA,2017-10-01,MIS
1070729,Tanzania,TZA,Africa,1070727,TZ201700000045,-7.415274,37.609784,RURAL,10,2017,10,2017,0.7,4,13,3,0.230769230769231,RDT,Unknown,NA,TZ201700000045,1000095291,5680,NA,2017-10-01,MIS
1071707,Tanzania,TZA,Africa,1071705,TZ201700000208,-5.26969,32.39285,RURAL,10,2017,10,2017,0.7,4,41,9,0.219512195121951,RDT,Unknown,NA,TZ201700000208,1000095291,5680,NA,2017-10-01,MIS
1070783,Tanzania,TZA,Africa,1070781,TZ201700000054,-6.792752,37.653575,URBAN,10,2017,10,2017,0.7,4,7,0,0,RDT,Unknown,NA,TZ201700000054,1000095291,5680,NA,2017-10-01,MIS
1072451,Tanzania,TZA,Africa,1072449,TZ201700000332,-4.905854,37.294408,RURAL,10,2017,10,2017,0.7,4,15,0,0,RDT,Unknown,NA,TZ201700000332,1000095291,5680,NA,2017-10-01,MIS
1070807,Tanzania,TZA,Africa,1070805,TZ201700000058,-6.929643,37.615949,RURAL,10,2017,10,2017,0.7,4,7,0,0,RDT,Unknown,NA,TZ201700000058,1000095291,5680,NA,2017-10-01,MIS
1072259,Tanzania,TZA,Africa,1072257,TZ201700000300,-2.754982,32.717343,RURAL,10,2017,10,2017,0.7,4,30,0,0,RDT,Unknown,NA,TZ201700000300,1000095291,5680,NA,2017-10-01,MIS
1072373,Tanzania,TZA,Africa,1072371,TZ201700000319,-1.268567,33.980174,RURAL,10,2017,10,2017,0.7,4,21,4,0.19047619047619,RDT,Unknown,NA,TZ201700000319,1000095291,5680,NA,2017-10-01,MIS
1071167,Tanzania,TZA,Africa,1071165,TZ201700000118,-10.27896,40.041661,RURAL,10,2017,10,2017,0.8,3,9,3,0.333333333333333,RDT,Unknown,NA,TZ201700000118,1000095291,5680,NA,2017-10-01,MIS
1071785,Tanzania,TZA,Africa,1071783,TZ201700000221,-7.858002,31.419333,RURAL,10,2017,10,2017,0.8,3,10,0,0,RDT,Unknown,NA,TZ201700000221,1000095291,5680,NA,2017-10-01,MIS
1070531,Tanzania,TZA,Africa,1070529,TZ201700000012,-3.357583,37.0013,RURAL,10,2017,10,2017,0.8,3,7,0,0,RDT,Unknown,NA,TZ201700000012,1000095291,5680,NA,2017-10-01,MIS
1072427,Tanzania,TZA,Africa,1072425,TZ201700000328,-4.406243,35.464848,RURAL,10,2017,10,2017,0.8,4,14,0,0,RDT,Unknown,NA,TZ201700000328,1000095291,5680,NA,2017-10-01,MIS
1071047,Tanzania,TZA,Africa,1071045,TZ201700000098,-9.41511,39.437152,RURAL,10,2017,10,2017,0.8,4,14,1,0.0714285714285714,RDT,Unknown,NA,TZ201700000098,1000095291,5680,NA,2017-10-01,MIS
1070573,Tanzania,TZA,Africa,1070571,TZ201700000019,-3.353313,36.717941,RURAL,10,2017,10,2017,0.8,4,9,0,0,RDT,Unknown,NA,TZ201700000019,1000095291,5680,NA,2017-10-01,MIS
1071749,Tanzania,TZA,Africa,1071747,TZ201700000215,-4.436755,32.435447,RURAL,10,2017,10,2017,0.8,4,14,2,0.142857142857143,RDT,Unknown,NA,TZ201700000215,1000095291,5680,NA,2017-10-01,MIS
1072415,Tanzania,TZA,Africa,1072413,TZ201700000326,-4.347929,35.669661,RURAL,10,2017,10,2017,0.8,4,19,0,0,RDT,Unknown,NA,TZ201700000326,1000095291,5680,NA,2017-10-01,MIS
1071971,Tanzania,TZA,Africa,1071969,TZ201700000252,-3.292257,32.89571,RURAL,10,2017,10,2017,0.8,4,14,1,0.0714285714285714,RDT,Unknown,NA,TZ201700000252,1000095291,5680,NA,2017-10-01,MIS
1072109,Tanzania,TZA,Africa,1072107,TZ201700000275,-2.653678,31.27049,RURAL,10,2017,10,2017,0.8,4,21,17,0.80952380952381,RDT,Unknown,NA,TZ201700000275,1000095291,5680,NA,2017-10-01,MIS
1071887,Tanzania,TZA,Africa,1071885,TZ201700000238,-5.196017,29.843251,RURAL,10,2017,10,2017,0.8,4,14,0,0,RDT,Unknown,NA,TZ201700000238,1000095291,5680,NA,2017-10-01,MIS
1071983,Tanzania,TZA,Africa,1071981,TZ201700000254,-3.28384,32.817716,RURAL,10,2017,10,2017,0.8,4,22,4,0.181818181818182,RDT,Unknown,NA,TZ201700000254,1000095291,5680,NA,2017-10-01,MIS
1072277,Tanzania,TZA,Africa,1072275,TZ201700000303,-2.407788,32.965488,URBAN,10,2017,10,2017,0.8,4,10,1,0.1,RDT,Unknown,NA,TZ201700000303,1000095291,5680,NA,2017-10-01,MIS
1072097,Tanzania,TZA,Africa,1072095,TZ201700000273,-1.976145,31.495357,RURAL,10,2017,10,2017,0.8,4,14,2,0.142857142857143,RDT,Unknown,NA,TZ201700000273,1000095291,5680,NA,2017-10-01,MIS
1072787,Tanzania,TZA,Africa,1072785,TZ201700000388,-2.614178,32.255429,RURAL,10,2017,10,2017,0.8,4,27,9,0.333333333333333,RDT,Unknown,NA,TZ201700000388,1000095291,5680,NA,2017-10-01,MIS
1070639,Tanzania,TZA,Africa,1070637,TZ201700000030,-3.19224,37.111754,RURAL,10,2017,10,2017,0.8,4,11,0,0,RDT,Unknown,NA,TZ201700000030,1000095291,5680,NA,2017-10-01,MIS
1070525,Tanzania,TZA,Africa,1070523,TZ201700000011,-3.260085,36.390851,RURAL,10,2017,10,2017,0.8,4,13,0,0,RDT,Unknown,NA,TZ201700000011,1000095291,5680,NA,2017-10-01,MIS
1071365,Tanzania,TZA,Africa,1071363,TZ201700000151,-10.659608,35.665892,URBAN,10,2017,10,2017,0.8,4,7,0,0,RDT,Unknown,NA,TZ201700000151,1000095291,5680,NA,2017-10-01,MIS
1072775,Tanzania,TZA,Africa,1072773,TZ201700000386,-2.772678,32.125568,RURAL,10,2017,10,2017,0.8,4,23,2,0.0869565217391304,RDT,Unknown,NA,TZ201700000386,1000095291,5680,NA,2017-10-01,MIS
1070609,Tanzania,TZA,Africa,1070607,TZ201700000025,-3.256674,37.345585,RURAL,10,2017,10,2017,0.8,4,5,0,0,RDT,Unknown,NA,TZ201700000025,1000095291,5680,NA,2017-10-01,MIS
1071299,Tanzania,TZA,Africa,1071297,TZ201700000140,-10.971135,35.472506,RURAL,10,2017,10,2017,0.8,4,13,4,0.307692307692308,RDT,Unknown,NA,TZ201700000140,1000095291,5680,NA,2017-10-01,MIS
1071695,Tanzania,TZA,Africa,1071693,TZ201700000206,-4.296842,32.517606,RURAL,10,2017,10,2017,0.8,4,23,3,0.130434782608696,RDT,Unknown,NA,TZ201700000206,1000095291,5680,NA,2017-10-01,MIS
1071797,Tanzania,TZA,Africa,1071795,TZ201700000223,-7.494104,30.594707,RURAL,10,2017,10,2017,0.8,4,25,6,0.24,RDT,Unknown,NA,TZ201700000223,1000095291,5680,NA,2017-10-01,MIS
1072613,Tanzania,TZA,Africa,1072611,TZ201700000359,-6.659144,31.999518,RURAL,10,2017,10,2017,0.8,4,16,0,0,RDT,Unknown,NA,TZ201700000359,1000095291,5680,NA,2017-10-01,MIS
1072805,Tanzania,TZA,Africa,1072803,TZ201700000391,-3.073378,32.082831,RURAL,10,2017,10,2017,0.8,4,26,11,0.423076923076923,RDT,Unknown,NA,TZ201700000391,1000095291,5680,NA,2017-10-01,MIS
1071353,Tanzania,TZA,Africa,1071351,TZ201700000149,-10.695419,35.654638,URBAN,10,2017,10,2017,0.8,4,7,0,0,RDT,Unknown,NA,TZ201700000149,1000095291,5680,NA,2017-10-01,MIS
1071881,Tanzania,TZA,Africa,1071879,TZ201700000237,-5.94556,30.02496,RURAL,10,2017,10,2017,0.9,3,21,12,0.571428571428571,RDT,Unknown,NA,TZ201700000237,1000095291,5680,NA,2017-10-01,MIS
1070627,Tanzania,TZA,Africa,1070625,TZ201700000028,-3.363983,37.145055,URBAN,10,2017,10,2017,0.9,4,7,0,0,RDT,Unknown,NA,TZ201700000028,1000095291,5680,NA,2017-10-01,MIS
1072781,Tanzania,TZA,Africa,1072779,TZ201700000387,-2.523541,32.042463,RURAL,10,2017,10,2017,0.9,4,17,5,0.294117647058824,RDT,Unknown,NA,TZ201700000387,1000095291,5680,NA,2017-10-01,MIS
1071119,Tanzania,TZA,Africa,1071117,TZ201700000110,-10.052283,38.496527,RURAL,10,2017,10,2017,0.9,4,9,3,0.333333333333333,RDT,Unknown,NA,TZ201700000110,1000095291,5680,NA,2017-10-01,MIS
1072115,Tanzania,TZA,Africa,1072113,TZ201700000276,-2.901115,31.206402,RURAL,10,2017,10,2017,0.9,4,10,2,0.2,RDT,Unknown,NA,TZ201700000276,1000095291,5680,NA,2017-10-01,MIS
1072103,Tanzania,TZA,Africa,1072101,TZ201700000274,-1.718043,31.591471,RURAL,10,2017,10,2017,0.9,4,17,1,0.0588235294117647,RDT,Unknown,NA,TZ201700000274,1000095291,5680,NA,2017-10-01,MIS
1072589,Tanzania,TZA,Africa,1072587,TZ201700000355,-6.753042,30.408983,RURAL,10,2017,10,2017,0.9,4,15,1,0.0666666666666667,RDT,Unknown,NA,TZ201700000355,1000095291,5680,NA,2017-10-01,MIS
1070801,Tanzania,TZA,Africa,1070799,TZ201700000057,-6.084125,37.558644,RURAL,10,2017,10,2017,0.9,4,15,2,0.133333333333333,RDT,Unknown,NA,TZ201700000057,1000095291,5680,NA,2017-10-01,MIS
1071803,Tanzania,TZA,Africa,1071801,TZ201700000224,-7.94728,31.607054,URBAN,10,2017,10,2017,0.9,4,14,0,0,RDT,Unknown,NA,TZ201700000224,1000095291,5680,NA,2017-10-01,MIS
1072577,Tanzania,TZA,Africa,1072575,TZ201700000353,-6.358297,30.826289,RURAL,10,2017,10,2017,0.9,4,20,2,0.1,RDT,Unknown,NA,TZ201700000353,1000095291,5680,NA,2017-10-01,MIS
1070579,Tanzania,TZA,Africa,1070577,TZ201700000020,-3.320211,36.6729,RURAL,10,2017,10,2017,1,4,11,0,0,RDT,Unknown,NA,TZ201700000020,1000095291,5680,NA,2017-10-01,MIS
1072337,Tanzania,TZA,Africa,1072335,TZ201700000313,-1.826277,33.624295,RURAL,10,2017,10,2017,1,4,22,0,0,RDT,Unknown,NA,TZ201700000313,1000095291,5680,NA,2017-10-01,MIS
1070615,Tanzania,TZA,Africa,1070613,TZ201700000026,-3.351575,37.419064,RURAL,10,2017,10,2017,1.1,3,9,0,0,RDT,Unknown,NA,TZ201700000026,1000095291,5680,NA,2017-10-01,MIS
1071917,Tanzania,TZA,Africa,1071915,TZ201700000243,-3.316638,30.798598,RURAL,10,2017,10,2017,1.1,4,21,7,0.333333333333333,RDT,Unknown,NA,TZ201700000243,1000095291,5680,NA,2017-10-01,MIS
1072391,Tanzania,TZA,Africa,1072389,TZ201700000322,-1.351843,34.160275,RURAL,10,2017,10,2017,1.1,4,32,7,0.21875,RDT,Unknown,NA,TZ201700000322,1000095291,5680,NA,2017-10-01,MIS
1070789,Tanzania,TZA,Africa,1070787,TZ201700000055,-6.801665,37.664922,URBAN,10,2017,10,2017,1.2,4,11,0,0,RDT,Unknown,NA,TZ201700000055,1000095291,5680,NA,2017-10-01,MIS
1071779,Tanzania,TZA,Africa,1071777,TZ201700000220,-8.630415,32.125601,RURAL,10,2017,10,2017,1.3,3,8,0,0,RDT,Unknown,NA,TZ201700000220,1000095291,5680,NA,2017-10-01,MIS
1071317,Tanzania,TZA,Africa,1071315,TZ201700000143,-10.730854,35.39945,RURAL,10,2017,10,2017,1.3,4,11,0,0,RDT,Unknown,NA,TZ201700000143,1000095291,5680,NA,2017-10-01,MIS
1070585,Tanzania,TZA,Africa,1070583,TZ201700000021,-3.10834,37.632801,RURAL,10,2017,10,2017,1.3,4,13,0,0,RDT,Unknown,NA,TZ201700000021,1000095291,5680,NA,2017-10-01,MIS
1070561,Tanzania,TZA,Africa,1070559,TZ201700000017,-2.057036,35.609704,URBAN,10,2017,10,2017,1.3,4,9,0,0,RDT,Unknown,NA,TZ201700000017,1000095291,5680,NA,2017-10-01,MIS
1072463,Tanzania,TZA,Africa,1072461,TZ201700000334,-4.177522,35.797397,RURAL,10,2017,10,2017,1.3,4,14,0,0,RDT,Unknown,NA,TZ201700000334,1000095291,5680,NA,2017-10-01,MIS
1071731,Tanzania,TZA,Africa,1071729,TZ201700000212,-5.010668,32.824223,URBAN,10,2017,10,2017,1.3,4,10,0,0,RDT,Unknown,NA,TZ201700000212,1000095291,5680,NA,2017-10-01,MIS
1072457,Tanzania,TZA,Africa,1072455,TZ201700000333,-5.742485,37.073364,RURAL,10,2017,10,2017,1.3,4,17,0,0,RDT,Unknown,NA,TZ201700000333,1000095291,5680,NA,2017-10-01,MIS
1072595,Tanzania,TZA,Africa,1072593,TZ201700000356,-6.826071,30.442014,URBAN,10,2017,10,2017,1.3,4,18,0,0,RDT,Unknown,NA,TZ201700000356,1000095291,5680,NA,2017-10-01,MIS
1072823,Tanzania,TZA,Africa,1072821,TZ201700000394,-2.864414,32.234492,URBAN,10,2017,10,2017,1.3,4,12,0,0,RDT,Unknown,NA,TZ201700000394,1000095291,5680,NA,2017-10-01,MIS
1072091,Tanzania,TZA,Africa,1072089,TZ201700000272,-1.8577650000000001,31.596341,RURAL,10,2017,10,2017,1.4,4,13,2,0.153846153846154,RDT,Unknown,NA,TZ201700000272,1000095291,5680,NA,2017-10-01,MIS
1072991,Tanzania,TZA,Africa,1072989,TZ201700000422,-6.05902,39.229529,URBAN,10,2017,10,2017,1.4,4,15,0,0,RDT,Unknown,NA,TZ201700000422,1000095291,5680,NA,2017-10-01,MIS
1071809,Tanzania,TZA,Africa,1071807,TZ201700000225,-7.931018,31.635433,URBAN,10,2017,10,2017,1.4,4,10,0,0,RDT,Unknown,NA,TZ201700000225,1000095291,5680,NA,2017-10-01,MIS
1070603,Tanzania,TZA,Africa,1070601,TZ201700000024,-3.286429,37.465916,RURAL,10,2017,10,2017,1.5,4,6,0,0,RDT,Unknown,NA,TZ201700000024,1000095291,5680,NA,2017-10-01,MIS
1071311,Tanzania,TZA,Africa,1071309,TZ201700000142,-10.630085,35.464799,URBAN,10,2017,10,2017,1.6,4,8,0,0,RDT,Unknown,NA,TZ201700000142,1000095291,5680,NA,2017-10-01,MIS
1070549,Tanzania,TZA,Africa,1070547,TZ201700000015,-3.379438,36.657496,URBAN,10,2017,10,2017,1.6,4,9,0,0,RDT,Unknown,NA,TZ201700000015,1000095291,5680,NA,2017-10-01,MIS
1071173,Tanzania,TZA,Africa,1071171,TZ201700000119,-10.343673,40.305076,RURAL,10,2017,10,2017,1.7,4,6,3,0.5,RDT,Unknown,NA,TZ201700000119,1000095291,5680,NA,2017-10-01,MIS
1070795,Tanzania,TZA,Africa,1070793,TZ201700000056,-6.795715,37.739549,URBAN,10,2017,10,2017,1.8,4,8,0,0,RDT,Unknown,NA,TZ201700000056,1000095291,5680,NA,2017-10-01,MIS
1071791,Tanzania,TZA,Africa,1071789,TZ201700000222,-7.380331,30.629507,URBAN,10,2017,10,2017,1.8,4,10,0,0,RDT,Unknown,NA,TZ201700000222,1000095291,5680,NA,2017-10-01,MIS
1070591,Tanzania,TZA,Africa,1070589,TZ201700000022,-3.79379,37.58525,RURAL,10,2017,10,2017,1.9,4,5,0,0,RDT,Unknown,NA,TZ201700000022,1000095291,5680,NA,2017-10-01,MIS
1072421,Tanzania,TZA,Africa,1072419,TZ201700000327,-3.991704,35.762828,RURAL,10,2017,10,2017,2.1,4,7,0,0,RDT,Unknown,NA,TZ201700000327,1000095291,5680,NA,2017-10-01,MIS
1071053,Tanzania,TZA,Africa,1071051,TZ201700000099,-8.748579,39.411717,URBAN,10,2017,10,2017,2.3,4,4,0,0,RDT,Unknown,NA,TZ201700000099,1000095291,5680,NA,2017-10-01,MIS
1072253,Tanzania,TZA,Africa,1072251,TZ201700000299,-2.668342,32.64746,URBAN,10,2017,11,2017,0.5,4,24,0,0,RDT,Unknown,NA,TZ201700000299,1000095291,5680,NA,2017-10-01,MIS
1072607,Tanzania,TZA,Africa,1072605,TZ201700000358,-6.781016,32.046374,RURAL,10,2017,11,2017,0.8,4,29,1,0.0344827586206897,RDT,Unknown,NA,TZ201700000358,1000095291,5680,NA,2017-10-01,MIS
1071845,Tanzania,TZA,Africa,1071843,TZ201700000231,-4.823222,30.020205,URBAN,11,2017,11,2017,0.5,3,16,2,0.125,RDT,Unknown,NA,TZ201700000231,1000095291,5680,NA,2017-11-01,MIS
1071293,Tanzania,TZA,Africa,1071291,TZ201700000139,-10.807845,36.877677,RURAL,11,2017,11,2017,0.5,3,13,1,0.0769230769230769,RDT,Unknown,NA,TZ201700000139,1000095291,5680,NA,2017-11-01,MIS
1072973,Tanzania,TZA,Africa,1072971,TZ201700000419,-6.361775,39.536358,RURAL,11,2017,11,2017,0.5,4,11,0,0,RDT,Unknown,NA,TZ201700000419,1000095291,5680,NA,2017-11-01,MIS
1072655,Tanzania,TZA,Africa,1072653,TZ201700000366,-2.563525,34.258722,RURAL,11,2017,11,2017,0.5,4,38,21,0.552631578947368,RDT,Unknown,NA,TZ201700000366,1000095291,5680,NA,2017-11-01,MIS
1070819,Tanzania,TZA,Africa,1070817,TZ201700000060,-6.139399,36.873885,URBAN,11,2017,11,2017,0.5,4,16,0,0,RDT,Unknown,NA,TZ201700000060,1000095291,5680,NA,2017-11-01,MIS
1072217,Tanzania,TZA,Africa,1072215,TZ201700000293,-2.920867,33.364362,RURAL,11,2017,11,2017,0.5,4,21,0,0,RDT,Unknown,NA,TZ201700000293,1000095291,5680,NA,2017-11-01,MIS
1073051,Tanzania,TZA,Africa,1073049,TZ201700000432,-5.026341,39.766957,RURAL,11,2017,11,2017,0.5,4,26,0,0,RDT,Unknown,NA,TZ201700000432,1000095291,5680,NA,2017-11-01,MIS
1072637,Tanzania,TZA,Africa,1072635,TZ201700000363,-6.513396,30.999242,RURAL,11,2017,11,2017,0.5,4,36,2,0.0555555555555556,RDT,Unknown,NA,TZ201700000363,1000095291,5680,NA,2017-11-01,MIS
1073057,Tanzania,TZA,Africa,1073055,TZ201700000433,-4.969725,39.834231,URBAN,11,2017,11,2017,0.5,4,21,0,0,RDT,Unknown,NA,TZ201700000433,1000095291,5680,NA,2017-11-01,MIS
1072967,Tanzania,TZA,Africa,1072965,TZ201700000418,-6.432138,39.541691,URBAN,11,2017,11,2017,0.5,4,7,0,0,RDT,Unknown,NA,TZ201700000418,1000095291,5680,NA,2017-11-01,MIS
1073039,Tanzania,TZA,Africa,1073037,TZ201700000430,-5.160226,39.821748,RURAL,11,2017,11,2017,0.5,4,17,0,0,RDT,Unknown,NA,TZ201700000430,1000095291,5680,NA,2017-11-01,MIS
1072841,Tanzania,TZA,Africa,1072839,TZ201700000397,-3.365536,32.068644,RURAL,11,2017,11,2017,0.5,4,38,6,0.157894736842105,RDT,Unknown,NA,TZ201700000397,1000095291,5680,NA,2017-11-01,MIS
1072733,Tanzania,TZA,Africa,1072731,TZ201700000379,-3.471669,33.83081,RURAL,11,2017,11,2017,0.5,4,25,0,0,RDT,Unknown,NA,TZ201700000379,1000095291,5680,NA,2017-11-01,MIS
1070945,Tanzania,TZA,Africa,1070943,TZ201700000081,-6.804529,39.231569,URBAN,11,2017,11,2017,0.5,4,8,0,0,RDT,Unknown,NA,TZ201700000081,1000095291,5680,NA,2017-11-01,MIS
1072727,Tanzania,TZA,Africa,1072725,TZ201700000378,-3.123668,34.021393,RURAL,11,2017,11,2017,0.5,4,41,0,0,RDT,Unknown,NA,TZ201700000378,1000095291,5680,NA,2017-11-01,MIS
1071635,Tanzania,TZA,Africa,1071633,TZ201700000196,-4.547913,33.013642,RURAL,11,2017,11,2017,0.5,4,37,4,0.108108108108108,RDT,Unknown,NA,TZ201700000196,1000095291,5680,NA,2017-11-01,MIS
1072643,Tanzania,TZA,Africa,1072641,TZ201700000364,-7.140127,31.409095,RURAL,11,2017,11,2017,0.5,4,21,0,0,RDT,Unknown,NA,TZ201700000364,1000095291,5680,NA,2017-11-01,MIS
1072631,Tanzania,TZA,Africa,1072629,TZ201700000362,-7.050912,31.208063,RURAL,11,2017,11,2017,0.5,4,62,0,0,RDT,Unknown,NA,TZ201700000362,1000095291,5680,NA,2017-11-01,MIS
1073099,Tanzania,TZA,Africa,1073097,TZ201700000440,-5.341973,39.772621,RURAL,11,2017,11,2017,0.5,4,21,0,0,RDT,Unknown,NA,TZ201700000440,1000095291,5680,NA,2017-11-01,MIS
1070963,Tanzania,TZA,Africa,1070961,TZ201700000084,-6.814553,39.240548,URBAN,11,2017,11,2017,0.5,4,7,0,0,RDT,Unknown,NA,TZ201700000084,1000095291,5680,NA,2017-11-01,MIS
1071533,Tanzania,TZA,Africa,1071531,TZ201700000179,-8.824183,34.08487,RURAL,11,2017,11,2017,0.5,4,11,0,0,RDT,Unknown,NA,TZ201700000179,1000095291,5680,NA,2017-11-01,MIS
1071101,Tanzania,TZA,Africa,1071099,TZ201700000107,-10.210638,38.814783,RURAL,11,2017,11,2017,0.5,4,4,1,0.25,RDT,Unknown,NA,TZ201700000107,1000095291,5680,NA,2017-11-01,MIS
1072553,Tanzania,TZA,Africa,1072551,TZ201700000349,-6.359207,31.053087,URBAN,11,2017,11,2017,0.5,4,13,0,0,RDT,Unknown,NA,TZ201700000349,1000095291,5680,NA,2017-11-01,MIS
1072013,Tanzania,TZA,Africa,1072011,TZ201700000259,-4.086647,32.523764,RURAL,11,2017,11,2017,0.5,4,34,3,0.0882352941176471,RDT,Unknown,NA,TZ201700000259,1000095291,5680,NA,2017-11-01,MIS
1072799,Tanzania,TZA,Africa,1072797,TZ201700000390,-3.132964,32.239753,RURAL,11,2017,11,2017,0.5,4,35,5,0.142857142857143,RDT,Unknown,NA,TZ201700000390,1000095291,5680,NA,2017-11-01,MIS
1073087,Tanzania,TZA,Africa,1073085,TZ201700000438,-5.217075,39.783613,RURAL,11,2017,11,2017,0.5,4,21,0,0,RDT,Unknown,NA,TZ201700000438,1000095291,5680,NA,2017-11-01,MIS
1072049,Tanzania,TZA,Africa,1072047,TZ201700000265,-3.983511,32.591107,RURAL,11,2017,11,2017,0.5,4,19,1,0.0526315789473684,RDT,Unknown,NA,TZ201700000265,1000095291,5680,NA,2017-11-01,MIS
1071821,Tanzania,TZA,Africa,1071819,TZ201700000227,-3.955549,30.608646,RURAL,11,2017,11,2017,0.5,4,23,1,0.0434782608695652,RDT,Unknown,NA,TZ201700000227,1000095291,5680,NA,2017-11-01,MIS
1072943,Tanzania,TZA,Africa,1072941,TZ201700000414,-6.056501,39.311468,RURAL,11,2017,11,2017,0.5,4,11,0,0,RDT,Unknown,NA,TZ201700000414,1000095291,5680,NA,2017-11-01,MIS
1072673,Tanzania,TZA,Africa,1072671,TZ201700000369,-2.502323,33.970513,URBAN,11,2017,11,2017,0.5,4,15,0,0,RDT,Unknown,NA,TZ201700000369,1000095291,5680,NA,2017-11-01,MIS
1072289,Tanzania,TZA,Africa,1072287,TZ201700000305,-2.732937,33.098185,RURAL,11,2017,11,2017,0.5,4,26,8,0.307692307692308,RDT,Unknown,NA,TZ201700000305,1000095291,5680,NA,2017-11-01,MIS
1072241,Tanzania,TZA,Africa,1072239,TZ201700000297,-2.598816,32.308217,RURAL,11,2017,11,2017,0.5,4,24,2,0.0833333333333333,RDT,Unknown,NA,TZ201700000297,1000095291,5680,NA,2017-11-01,MIS
1073075,Tanzania,TZA,Africa,1073073,TZ201700000436,-5.223989,39.794221,RURAL,11,2017,11,2017,0.5,4,19,0,0,RDT,Unknown,NA,TZ201700000436,1000095291,5680,NA,2017-11-01,MIS
1073111,Tanzania,TZA,Africa,1073109,TZ201700000442,-5.363105,39.722027,RURAL,11,2017,11,2017,0.5,4,26,0,0,RDT,Unknown,NA,TZ201700000442,1000095291,5680,NA,2017-11-01,MIS
1071923,Tanzania,TZA,Africa,1071921,TZ201700000244,-4.53441,30.07162,RURAL,11,2017,11,2017,0.5,4,9,0,0,RDT,Unknown,NA,TZ201700000244,1000095291,5680,NA,2017-11-01,MIS
1071683,Tanzania,TZA,Africa,1071681,TZ201700000204,-4.898861,33.50733,RURAL,11,2017,11,2017,0.5,4,39,3,0.0769230769230769,RDT,Unknown,NA,TZ201700000204,1000095291,5680,NA,2017-11-01,MIS
1071257,Tanzania,TZA,Africa,1071255,TZ201700000133,-11.158284,38.544044,RURAL,11,2017,11,2017,0.5,4,10,0,0,RDT,Unknown,NA,TZ201700000133,1000095291,5680,NA,2017-11-01,MIS
1071191,Tanzania,TZA,Africa,1071189,TZ201700000122,-10.592495,39.255977,RURAL,11,2017,11,2017,0.5,4,9,2,0.222222222222222,RDT,Unknown,NA,TZ201700000122,1000095291,5680,NA,2017-11-01,MIS
1071131,Tanzania,TZA,Africa,1071129,TZ201700000112,-10.100953,38.903593,RURAL,11,2017,11,2017,0.5,4,9,1,0.111111111111111,RDT,Unknown,NA,TZ201700000112,1000095291,5680,NA,2017-11-01,MIS
1071089,Tanzania,TZA,Africa,1071087,TZ201700000105,-10.382963,38.748234,URBAN,11,2017,11,2017,0.5,4,10,0,0,RDT,Unknown,NA,TZ201700000105,1000095291,5680,NA,2017-11-01,MIS
1070813,Tanzania,TZA,Africa,1070811,TZ201700000059,-6.018826,36.87477,RURAL,11,2017,11,2017,0.5,4,24,0,0,RDT,Unknown,NA,TZ201700000059,1000095291,5680,NA,2017-11-01,MIS
1070705,Tanzania,TZA,Africa,1070703,TZ201700000041,-6.274796,36.966297,RURAL,11,2017,11,2017,0.5,4,20,0,0,RDT,Unknown,NA,TZ201700000041,1000095291,5680,NA,2017-11-01,MIS
1072667,Tanzania,TZA,Africa,1072665,TZ201700000368,-2.613932,33.825815,RURAL,11,2017,11,2017,0.5,4,33,1,0.0303030303030303,RDT,Unknown,NA,TZ201700000368,1000095291,5680,NA,2017-11-01,MIS
1071149,Tanzania,TZA,Africa,1071147,TZ201700000115,-9.999073,39.705978,URBAN,11,2017,11,2017,0.5,4,11,0,0,RDT,Unknown,NA,TZ201700000115,1000095291,5680,NA,2017-11-01,MIS
1070771,Tanzania,TZA,Africa,1070769,TZ201700000052,-8.904603,36.816612,URBAN,11,2017,11,2017,0.5,4,8,0,0,RDT,Unknown,NA,TZ201700000052,1000095291,5680,NA,2017-11-01,MIS
1072313,Tanzania,TZA,Africa,1072311,TZ201700000309,-1.339906,34.375773,URBAN,11,2017,11,2017,0.5,4,19,0,0,RDT,Unknown,NA,TZ201700000309,1000095291,5680,NA,2017-11-01,MIS
1071215,Tanzania,TZA,Africa,1071213,TZ201700000126,-10.988928,39.057566,RURAL,11,2017,11,2017,0.5,4,11,1,0.0909090909090909,RDT,Unknown,NA,TZ201700000126,1000095291,5680,NA,2017-11-01,MIS
1071431,Tanzania,TZA,Africa,1071429,TZ201700000162,-7.782686,35.706426,URBAN,11,2017,11,2017,0.5,4,11,0,0,RDT,Unknown,NA,TZ201700000162,1000095291,5680,NA,2017-11-01,MIS
1072151,Tanzania,TZA,Africa,1072149,TZ201700000282,-1.205377,31.376119,RURAL,11,2017,11,2017,0.5,4,10,1,0.1,RDT,Unknown,NA,TZ201700000282,1000095291,5680,NA,2017-11-01,MIS
1071479,Tanzania,TZA,Africa,1071477,TZ201700000170,-8.896669,33.635685,RURAL,11,2017,11,2017,0.5,4,10,0,0,RDT,Unknown,NA,TZ201700000170,1000095291,5680,NA,2017-11-01,MIS
1072343,Tanzania,TZA,Africa,1072341,TZ201700000314,-1.866392,34.244051,RURAL,11,2017,11,2017,0.5,4,21,6,0.285714285714286,RDT,Unknown,NA,TZ201700000314,1000095291,5680,NA,2017-11-01,MIS
1072163,Tanzania,TZA,Africa,1072161,TZ201700000284,-1.142536,30.851372,RURAL,11,2017,11,2017,0.5,4,21,0,0,RDT,Unknown,NA,TZ201700000284,1000095291,5680,NA,2017-11-01,MIS
1071677,Tanzania,TZA,Africa,1071675,TZ201700000203,-4.30892,33.513709,RURAL,11,2017,11,2017,0.5,4,20,0,0,RDT,Unknown,NA,TZ201700000203,1000095291,5680,NA,2017-11-01,MIS
1071839,Tanzania,TZA,Africa,1071837,TZ201700000230,-4.787824,30.334856,RURAL,11,2017,11,2017,0.5,4,28,13,0.464285714285714,RDT,Unknown,NA,TZ201700000230,1000095291,5680,NA,2017-11-01,MIS
1071767,Tanzania,TZA,Africa,1071765,TZ201700000218,-7.512224,31.405046,RURAL,11,2017,11,2017,0.5,4,16,0,0,RDT,Unknown,NA,TZ201700000218,1000095291,5680,NA,2017-11-01,MIS
1072385,Tanzania,TZA,Africa,1072383,TZ201700000321,-1.124763,34.180547,RURAL,11,2017,11,2017,0.5,4,24,7,0.291666666666667,RDT,Unknown,NA,TZ201700000321,1000095291,5680,NA,2017-11-01,MIS
1072037,Tanzania,TZA,Africa,1072035,TZ201700000263,-3.835352,32.590388,URBAN,11,2017,11,2017,0.5,4,10,0,0,RDT,Unknown,NA,TZ201700000263,1000095291,5680,NA,2017-11-01,MIS
1071869,Tanzania,TZA,Africa,1071867,TZ201700000235,-4.893491,29.655463,URBAN,11,2017,11,2017,0.5,4,13,0,0,RDT,Unknown,NA,TZ201700000235,1000095291,5680,NA,2017-11-01,MIS
1072121,Tanzania,TZA,Africa,1072119,TZ201700000277,-2.893007,30.751304,RURAL,11,2017,11,2017,0.6,4,23,5,0.217391304347826,RDT,Unknown,NA,TZ201700000277,1000095291,5680,NA,2017-11-01,MIS
1072907,Tanzania,TZA,Africa,1072905,TZ201700000408,-5.932279,39.351585,RURAL,11,2017,11,2017,0.6,4,16,0,0,RDT,Unknown,NA,TZ201700000408,1000095291,5680,NA,2017-11-01,MIS
1071065,Tanzania,TZA,Africa,1071063,TZ201700000101,-10.103621,39.817915,RURAL,11,2017,11,2017,0.6,4,13,0,0,RDT,Unknown,NA,TZ201700000101,1000095291,5680,NA,2017-11-01,MIS
1071281,Tanzania,TZA,Africa,1071279,TZ201700000137,-11.265399,37.425045,RURAL,11,2017,11,2017,0.6,4,12,6,0.5,RDT,Unknown,NA,TZ201700000137,1000095291,5680,NA,2017-11-01,MIS
1072889,Tanzania,TZA,Africa,1072887,TZ201700000405,-3.181606,31.895304,RURAL,11,2017,11,2017,0.6,4,23,2,0.0869565217391304,RDT,Unknown,NA,TZ201700000405,1000095291,5680,NA,2017-11-01,MIS
1072127,Tanzania,TZA,Africa,1072125,TZ201700000278,-2.516783,30.521072,RURAL,11,2017,11,2017,0.6,4,10,1,0.1,RDT,Unknown,NA,TZ201700000278,1000095291,5680,NA,2017-11-01,MIS
1070759,Tanzania,TZA,Africa,1070757,TZ201700000050,-8.777086,35.92879,RURAL,11,2017,11,2017,0.6,4,27,8,0.296296296296296,RDT,Unknown,NA,TZ201700000050,1000095291,5680,NA,2017-11-01,MIS
1072865,Tanzania,TZA,Africa,1072863,TZ201700000401,-3.44811,31.891852,URBAN,11,2017,11,2017,0.6,4,26,2,0.0769230769230769,RDT,Unknown,NA,TZ201700000401,1000095291,5680,NA,2017-11-01,MIS
1072835,Tanzania,TZA,Africa,1072833,TZ201700000396,-3.236752,32.674864,RURAL,11,2017,11,2017,0.6,4,33,2,0.0606060606060606,RDT,Unknown,NA,TZ201700000396,1000095291,5680,NA,2017-11-01,MIS
1072325,Tanzania,TZA,Africa,1072323,TZ201700000311,-1.776711,34.605269,RURAL,11,2017,11,2017,0.6,4,22,3,0.136363636363636,RDT,Unknown,NA,TZ201700000311,1000095291,5680,NA,2017-11-01,MIS
1072571,Tanzania,TZA,Africa,1072569,TZ201700000352,-6.1972950000000004,30.35192,RURAL,11,2017,11,2017,0.6,4,29,12,0.413793103448276,RDT,Unknown,NA,TZ201700000352,1000095291,5680,NA,2017-11-01,MIS
1071329,Tanzania,TZA,Africa,1071327,TZ201700000145,-11.038094,34.790408,RURAL,11,2017,11,2017,0.6,4,12,0,0,RDT,Unknown,NA,TZ201700000145,1000095291,5680,NA,2017-11-01,MIS
1071335,Tanzania,TZA,Africa,1071333,TZ201700000146,-10.930995,34.899258,RURAL,11,2017,11,2017,0.6,4,8,0,0,RDT,Unknown,NA,TZ201700000146,1000095291,5680,NA,2017-11-01,MIS
1071905,Tanzania,TZA,Africa,1071903,TZ201700000241,-4.670411,29.891865,RURAL,11,2017,11,2017,0.6,4,26,21,0.807692307692308,RDT,Unknown,NA,TZ201700000241,1000095291,5680,NA,2017-11-01,MIS
1071899,Tanzania,TZA,Africa,1071897,TZ201700000240,-4.346824,30.033958,RURAL,11,2017,11,2017,0.6,4,25,8,0.32,RDT,Unknown,NA,TZ201700000240,1000095291,5680,NA,2017-11-01,MIS
1071671,Tanzania,TZA,Africa,1071669,TZ201700000202,-3.95856,33.617185,RURAL,11,2017,11,2017,0.6,4,33,1,0.0303030303030303,RDT,Unknown,NA,TZ201700000202,1000095291,5680,NA,2017-11-01,MIS
1072025,Tanzania,TZA,Africa,1072023,TZ201700000261,-4.214243,32.176334,RURAL,11,2017,11,2017,0.6,4,23,4,0.173913043478261,RDT,Unknown,NA,TZ201700000261,1000095291,5680,NA,2017-11-01,MIS
1071857,Tanzania,TZA,Africa,1071855,TZ201700000233,-4.866822,29.85112,RURAL,11,2017,11,2017,0.6,4,25,13,0.52,RDT,Unknown,NA,TZ201700000233,1000095291,5680,NA,2017-11-01,MIS
1072853,Tanzania,TZA,Africa,1072851,TZ201700000399,-3.325862,31.460049,RURAL,11,2017,11,2017,0.6,4,27,7,0.259259259259259,RDT,Unknown,NA,TZ201700000399,1000095291,5680,NA,2017-11-01,MIS
1072223,Tanzania,TZA,Africa,1072221,TZ201700000294,-3.083955,33.308573,RURAL,11,2017,11,2017,0.6,4,28,0,0,RDT,Unknown,NA,TZ201700000294,1000095291,5680,NA,2017-11-01,MIS
1073033,Tanzania,TZA,Africa,1073031,TZ201700000429,-5.123577,39.80436,RURAL,11,2017,11,2017,0.6,4,19,0,0,RDT,Unknown,NA,TZ201700000429,1000095291,5680,NA,2017-11-01,MIS
1071455,Tanzania,TZA,Africa,1071453,TZ201700000166,-7.063978,33.488228,RURAL,11,2017,11,2017,0.6,4,25,5,0.2,RDT,Unknown,NA,TZ201700000166,1000095291,5680,NA,2017-11-01,MIS
1070711,Tanzania,TZA,Africa,1070709,TZ201700000042,-6.838288,36.991814,URBAN,11,2017,11,2017,0.6,4,14,0,0,RDT,Unknown,NA,TZ201700000042,1000095291,5680,NA,2017-11-01,MIS
1071227,Tanzania,TZA,Africa,1071225,TZ201700000128,-10.834562,39.563773,RURAL,11,2017,11,2017,0.6,4,9,1,0.111111111111111,RDT,Unknown,NA,TZ201700000128,1000095291,5680,NA,2017-11-01,MIS
1072649,Tanzania,TZA,Africa,1072647,TZ201700000365,-7.213566,31.430007,RURAL,11,2017,11,2017,0.6,4,17,1,0.0588235294117647,RDT,Unknown,NA,TZ201700000365,1000095291,5680,NA,2017-11-01,MIS
1072301,Tanzania,TZA,Africa,1072299,TZ201700000307,-1.42702,34.391892,RURAL,11,2017,11,2017,0.6,4,24,3,0.125,RDT,Unknown,NA,TZ201700000307,1000095291,5680,NA,2017-11-01,MIS
1070717,Tanzania,TZA,Africa,1070715,TZ201700000043,-7.627769,37.002566,RURAL,11,2017,11,2017,0.6,4,9,0,0,RDT,Unknown,NA,TZ201700000043,1000095291,5680,NA,2017-11-01,MIS
1071611,Tanzania,TZA,Africa,1071609,TZ201700000192,-4.817901,34.750845,URBAN,11,2017,11,2017,0.6,4,7,0,0,RDT,Unknown,NA,TZ201700000192,1000095291,5680,NA,2017-11-01,MIS
1071701,Tanzania,TZA,Africa,1071699,TZ201700000207,-5.128574,33.646669,RURAL,11,2017,11,2017,0.6,4,33,12,0.363636363636364,RDT,Unknown,NA,TZ201700000207,1000095291,5680,NA,2017-11-01,MIS
1071953,Tanzania,TZA,Africa,1071951,TZ201700000249,-3.469861,33.672326,RURAL,11,2017,11,2017,0.6,4,15,0,0,RDT,Unknown,NA,TZ201700000249,1000095291,5680,NA,2017-11-01,MIS
1073063,Tanzania,TZA,Africa,1073061,TZ201700000434,-5.011714,39.821852,RURAL,11,2017,11,2017,0.6,4,30,0,0,RDT,Unknown,NA,TZ201700000434,1000095291,5680,NA,2017-11-01,MIS
1072355,Tanzania,TZA,Africa,1072353,TZ201700000316,-1.93891,33.848725,RURAL,11,2017,11,2017,0.6,4,26,0,0,RDT,Unknown,NA,TZ201700000316,1000095291,5680,NA,2017-11-01,MIS
1072751,Tanzania,TZA,Africa,1072749,TZ201700000382,-3.243793,33.505749,RURAL,11,2017,11,2017,0.6,4,31,1,0.032258064516129,RDT,Unknown,NA,TZ201700000382,1000095291,5680,NA,2017-11-01,MIS
1072745,Tanzania,TZA,Africa,1072743,TZ201700000381,-3.125824,33.519853,URBAN,11,2017,11,2017,0.6,4,12,0,0,RDT,Unknown,NA,TZ201700000381,1000095291,5680,NA,2017-11-01,MIS
1072685,Tanzania,TZA,Africa,1072683,TZ201700000371,-2.805035,33.973644,URBAN,11,2017,11,2017,0.6,4,9,1,0.111111111111111,RDT,Unknown,NA,TZ201700000371,1000095291,5680,NA,2017-11-01,MIS
1071125,Tanzania,TZA,Africa,1071123,TZ201700000111,-10.166124,38.998907,RURAL,11,2017,11,2017,0.7,3,7,0,0,RDT,Unknown,NA,TZ201700000111,1000095291,5680,NA,2017-11-01,MIS
1071725,Tanzania,TZA,Africa,1071723,TZ201700000211,-5.420038,32.566084,RURAL,11,2017,11,2017,0.7,4,21,0,0,RDT,Unknown,NA,TZ201700000211,1000095291,5680,NA,2017-11-01,MIS
1072859,Tanzania,TZA,Africa,1072857,TZ201700000400,-3.48014,32.069094,RURAL,11,2017,11,2017,0.7,4,49,8,0.163265306122449,RDT,Unknown,NA,TZ201700000400,1000095291,5680,NA,2017-11-01,MIS
1072763,Tanzania,TZA,Africa,1072761,TZ201700000384,-2.337698,33.666603,URBAN,11,2017,11,2017,0.7,4,17,0,0,RDT,Unknown,NA,TZ201700000384,1000095291,5680,NA,2017-11-01,MIS
1071275,Tanzania,TZA,Africa,1071273,TZ201700000136,-10.824749,37.951659,RURAL,11,2017,11,2017,0.7,4,12,0,0,RDT,Unknown,NA,TZ201700000136,1000095291,5680,NA,2017-11-01,MIS
1071383,Tanzania,TZA,Africa,1071381,TZ201700000154,-11.382309,35.054465,RURAL,11,2017,11,2017,0.7,4,22,0,0,RDT,Unknown,NA,TZ201700000154,1000095291,5680,NA,2017-11-01,MIS
1071071,Tanzania,TZA,Africa,1071069,TZ201700000102,-10.256224,39.278378,RURAL,11,2017,11,2017,0.7,4,9,1,0.111111111111111,RDT,Unknown,NA,TZ201700000102,1000095291,5680,NA,2017-11-01,MIS
1072877,Tanzania,TZA,Africa,1072875,TZ201700000403,-2.762104,31.767587,RURAL,11,2017,11,2017,0.7,4,13,0,0,RDT,Unknown,NA,TZ201700000403,1000095291,5680,NA,2017-11-01,MIS
1072043,Tanzania,TZA,Africa,1072041,TZ201700000264,-3.8374,32.629593,URBAN,11,2017,11,2017,0.7,4,9,0,0,RDT,Unknown,NA,TZ201700000264,1000095291,5680,NA,2017-11-01,MIS
1072055,Tanzania,TZA,Africa,1072053,TZ201700000266,-1.501564,31.141952,RURAL,11,2017,11,2017,0.7,4,12,0,0,RDT,Unknown,NA,TZ201700000266,1000095291,5680,NA,2017-11-01,MIS
1072073,Tanzania,TZA,Africa,1072071,TZ201700000269,-1.228159,31.82783,RURAL,11,2017,11,2017,0.7,4,13,0,0,RDT,Unknown,NA,TZ201700000269,1000095291,5680,NA,2017-11-01,MIS
1072757,Tanzania,TZA,Africa,1072755,TZ201700000383,-2.39439,33.609159,RURAL,11,2017,11,2017,0.7,4,17,1,0.0588235294117647,RDT,Unknown,NA,TZ201700000383,1000095291,5680,NA,2017-11-01,MIS
1072229,Tanzania,TZA,Africa,1072227,TZ201700000295,-2.755375,33.413309,RURAL,11,2017,11,2017,0.7,4,18,0,0,RDT,Unknown,NA,TZ201700000295,1000095291,5680,NA,2017-11-01,MIS
1072541,Tanzania,TZA,Africa,1072539,TZ201700000347,-6.332369,31.082432,URBAN,11,2017,11,2017,0.7,4,18,1,0.0555555555555556,RDT,Unknown,NA,TZ201700000347,1000095291,5680,NA,2017-11-01,MIS
1073105,Tanzania,TZA,Africa,1073103,TZ201700000441,-5.357957,39.656096,URBAN,11,2017,11,2017,0.7,4,16,0,0,RDT,Unknown,NA,TZ201700000441,1000095291,5680,NA,2017-11-01,MIS
1071233,Tanzania,TZA,Africa,1071231,TZ201700000129,-10.517068,39.506207,RURAL,11,2017,11,2017,0.7,4,8,5,0.625,RDT,Unknown,NA,TZ201700000129,1000095291,5680,NA,2017-11-01,MIS
1072079,Tanzania,TZA,Africa,1072077,TZ201700000270,-1.621615,31.49894,RURAL,11,2017,11,2017,0.7,4,9,0,0,RDT,Unknown,NA,TZ201700000270,1000095291,5680,NA,2017-11-01,MIS
1071995,Tanzania,TZA,Africa,1071993,TZ201700000256,-3.315292,32.404356,RURAL,11,2017,11,2017,0.7,4,19,0,0,RDT,Unknown,NA,TZ201700000256,1000095291,5680,NA,2017-11-01,MIS
1072007,Tanzania,TZA,Africa,1072005,TZ201700000258,-3.823083,32.877115,RURAL,11,2017,11,2017,0.7,4,32,4,0.125,RDT,Unknown,NA,TZ201700000258,1000095291,5680,NA,2017-11-01,MIS
1072061,Tanzania,TZA,Africa,1072059,TZ201700000267,-1.499688,31.153402,URBAN,11,2017,11,2017,0.7,4,13,0,0,RDT,Unknown,NA,TZ201700000267,1000095291,5680,NA,2017-11-01,MIS
1070777,Tanzania,TZA,Africa,1070775,TZ201700000053,-8.540538,36.544386,RURAL,11,2017,11,2017,0.7,4,14,4,0.285714285714286,RDT,Unknown,NA,TZ201700000053,1000095291,5680,NA,2017-11-01,MIS
1072319,Tanzania,TZA,Africa,1072317,TZ201700000310,-1.507138,34.523015,RURAL,11,2017,11,2017,0.7,4,22,0,0,RDT,Unknown,NA,TZ201700000310,1000095291,5680,NA,2017-11-01,MIS
1072619,Tanzania,TZA,Africa,1072617,TZ201700000360,-7.190916,31.338913,RURAL,11,2017,11,2017,0.7,4,19,0,0,RDT,Unknown,NA,TZ201700000360,1000095291,5680,NA,2017-11-01,MIS
1071647,Tanzania,TZA,Africa,1071645,TZ201700000198,-4.225993,33.218513,RURAL,11,2017,11,2017,0.7,4,19,0,0,RDT,Unknown,NA,TZ201700000198,1000095291,5680,NA,2017-11-01,MIS
1072661,Tanzania,TZA,Africa,1072659,TZ201700000367,-2.994923,34.117082,RURAL,11,2017,11,2017,0.7,4,24,0,0,RDT,Unknown,NA,TZ201700000367,1000095291,5680,NA,2017-11-01,MIS
1071545,Tanzania,TZA,Africa,1071543,TZ201700000181,-8.901144,33.508686,URBAN,11,2017,11,2017,0.8,2,9,0,0,RDT,Unknown,NA,TZ201700000181,1000095291,5680,NA,2017-11-01,MIS
1071155,Tanzania,TZA,Africa,1071153,TZ201700000116,-10.627666,40.133934000000004,RURAL,11,2017,11,2017,0.8,3,4,0,0,RDT,Unknown,NA,TZ201700000116,1000095291,5680,NA,2017-11-01,MIS
1072139,Tanzania,TZA,Africa,1072137,TZ201700000280,-1.322195,31.810101,URBAN,11,2017,11,2017,0.8,3,6,0,0,RDT,Unknown,NA,TZ201700000280,1000095291,5680,NA,2017-11-01,MIS
1072955,Tanzania,TZA,Africa,1072953,TZ201700000416,-6.305171,39.385856,RURAL,11,2017,11,2017,0.8,4,11,0,0,RDT,Unknown,NA,TZ201700000416,1000095291,5680,NA,2017-11-01,MIS
1071371,Tanzania,TZA,Africa,1071369,TZ201700000152,-11.167539,36.068821,RURAL,11,2017,11,2017,0.8,4,13,6,0.461538461538462,RDT,Unknown,NA,TZ201700000152,1000095291,5680,NA,2017-11-01,MIS
1071221,Tanzania,TZA,Africa,1071219,TZ201700000127,-10.832214,39.783477,RURAL,11,2017,11,2017,0.8,4,9,1,0.111111111111111,RDT,Unknown,NA,TZ201700000127,1000095291,5680,NA,2017-11-01,MIS
1071641,Tanzania,TZA,Africa,1071639,TZ201700000197,-4.220682,33.182759,URBAN,11,2017,11,2017,0.8,4,17,0,0,RDT,Unknown,NA,TZ201700000197,1000095291,5680,NA,2017-11-01,MIS
1071161,Tanzania,TZA,Africa,1071159,TZ201700000117,-10.684853,39.780467,URBAN,11,2017,11,2017,0.8,4,13,4,0.307692307692308,RDT,Unknown,NA,TZ201700000117,1000095291,5680,NA,2017-11-01,MIS
1072031,Tanzania,TZA,Africa,1072029,TZ201700000262,-3.899258,32.748704,RURAL,11,2017,11,2017,0.8,4,21,0,0,RDT,Unknown,NA,TZ201700000262,1000095291,5680,NA,2017-11-01,MIS
1072181,Tanzania,TZA,Africa,1072179,TZ201700000287,-1.982566,32.902331,RURAL,11,2017,11,2017,0.8,4,27,5,0.185185185185185,RDT,Unknown,NA,TZ201700000287,1000095291,5680,NA,2017-11-01,MIS
1072307,Tanzania,TZA,Africa,1072305,TZ201700000308,-1.462579,34.34028,RURAL,11,2017,11,2017,0.8,4,29,10,0.344827586206897,RDT,Unknown,NA,TZ201700000308,1000095291,5680,NA,2017-11-01,MIS
1072829,Tanzania,TZA,Africa,1072827,TZ201700000395,-2.988682,32.422123,RURAL,11,2017,11,2017,0.8,4,27,4,0.148148148148148,RDT,Unknown,NA,TZ201700000395,1000095291,5680,NA,2017-11-01,MIS
1072349,Tanzania,TZA,Africa,1072347,TZ201700000315,-2.09107,33.636758,RURAL,11,2017,11,2017,0.8,4,25,2,0.08,RDT,Unknown,NA,TZ201700000315,1000095291,5680,NA,2017-11-01,MIS
1071653,Tanzania,TZA,Africa,1071651,TZ201700000199,-4.024598,33.154513,RURAL,11,2017,11,2017,0.8,4,12,0,0,RDT,Unknown,NA,TZ201700000199,1000095291,5680,NA,2017-11-01,MIS
1071263,Tanzania,TZA,Africa,1071261,TZ201700000134,-10.677729,38.755055,URBAN,11,2017,11,2017,0.8,4,16,0,0,RDT,Unknown,NA,TZ201700000134,1000095291,5680,NA,2017-11-01,MIS
1071137,Tanzania,TZA,Africa,1071135,TZ201700000113,-10.088918,38.912732,RURAL,11,2017,11,2017,0.8,4,12,0,0,RDT,Unknown,NA,TZ201700000113,1000095291,5680,NA,2017-11-01,MIS
1071875,Tanzania,TZA,Africa,1071873,TZ201700000236,-4.900465,29.667716,URBAN,11,2017,11,2017,0.8,4,12,0,0,RDT,Unknown,NA,TZ201700000236,1000095291,5680,NA,2017-11-01,MIS
1071989,Tanzania,TZA,Africa,1071987,TZ201700000255,-3.250294,32.471911,URBAN,11,2017,11,2017,0.8,4,6,0,0,RDT,Unknown,NA,TZ201700000255,1000095291,5680,NA,2017-11-01,MIS
1072187,Tanzania,TZA,Africa,1072185,TZ201700000288,-1.827304,33.0596,RURAL,11,2017,11,2017,0.8,4,23,12,0.521739130434783,RDT,Unknown,NA,TZ201700000288,1000095291,5680,NA,2017-11-01,MIS
1072193,Tanzania,TZA,Africa,1072191,TZ201700000289,-2.596653,33.443904,RURAL,11,2017,11,2017,0.8,4,14,0,0,RDT,Unknown,NA,TZ201700000289,1000095291,5680,NA,2017-11-01,MIS
1071551,Tanzania,TZA,Africa,1071549,TZ201700000182,-8.91524,33.449881,URBAN,11,2017,11,2017,0.8,4,15,0,0,RDT,Unknown,NA,TZ201700000182,1000095291,5680,NA,2017-11-01,MIS
1071689,Tanzania,TZA,Africa,1071687,TZ201700000205,-4.937616,32.335667,RURAL,11,2017,11,2017,0.8,4,30,2,0.0666666666666667,RDT,Unknown,NA,TZ201700000205,1000095291,5680,NA,2017-11-01,MIS
1071341,Tanzania,TZA,Africa,1071339,TZ201700000147,-10.557495,34.765015,RURAL,11,2017,11,2017,0.8,4,16,1,0.0625,RDT,Unknown,NA,TZ201700000147,1000095291,5680,NA,2017-11-01,MIS
1071179,Tanzania,TZA,Africa,1071177,TZ201700000120,-10.951255,39.410277,RURAL,11,2017,11,2017,0.8,4,11,0,0,RDT,Unknown,NA,TZ201700000120,1000095291,5680,NA,2017-11-01,MIS
1072361,Tanzania,TZA,Africa,1072359,TZ201700000317,-2.035618,33.861553,URBAN,11,2017,11,2017,0.8,4,23,2,0.0869565217391304,RDT,Unknown,NA,TZ201700000317,1000095291,5680,NA,2017-11-01,MIS
1071143,Tanzania,TZA,Africa,1071141,TZ201700000114,-10.008768,39.704539,URBAN,11,2017,11,2017,0.8,4,9,0,0,RDT,Unknown,NA,TZ201700000114,1000095291,5680,NA,2017-11-01,MIS
1071665,Tanzania,TZA,Africa,1071663,TZ201700000201,-4.310544,34.061537,RURAL,11,2017,11,2017,0.8,4,24,0,0,RDT,Unknown,NA,TZ201700000201,1000095291,5680,NA,2017-11-01,MIS
1072019,Tanzania,TZA,Africa,1072017,TZ201700000260,-3.951957,32.213574,RURAL,11,2017,11,2017,0.8,4,20,4,0.2,RDT,Unknown,NA,TZ201700000260,1000095291,5680,NA,2017-11-01,MIS
1072949,Tanzania,TZA,Africa,1072947,TZ201700000415,-6.181537,39.360268,RURAL,11,2017,11,2017,0.8,4,15,0,0,RDT,Unknown,NA,TZ201700000415,1000095291,5680,NA,2017-11-01,MIS
1072883,Tanzania,TZA,Africa,1072881,TZ201700000404,-3.011507,31.909223,URBAN,11,2017,11,2017,0.8,4,16,1,0.0625,RDT,Unknown,NA,TZ201700000404,1000095291,5680,NA,2017-11-01,MIS
1072739,Tanzania,TZA,Africa,1072737,TZ201700000380,-3.025711,33.730273,RURAL,11,2017,11,2017,0.8,4,33,3,0.0909090909090909,RDT,Unknown,NA,TZ201700000380,1000095291,5680,NA,2017-11-01,MIS
1072559,Tanzania,TZA,Africa,1072557,TZ201700000350,-6.35867,31.081679,URBAN,11,2017,11,2017,0.8,4,14,0,0,RDT,Unknown,NA,TZ201700000350,1000095291,5680,NA,2017-11-01,MIS
1073081,Tanzania,TZA,Africa,1073079,TZ201700000437,-5.239624,39.778993,URBAN,11,2017,11,2017,0.8,4,15,0,0,RDT,Unknown,NA,TZ201700000437,1000095291,5680,NA,2017-11-01,MIS
1072295,Tanzania,TZA,Africa,1072293,TZ201700000306,-1.374068,34.540869,RURAL,11,2017,11,2017,0.8,4,20,0,0,RDT,Unknown,NA,TZ201700000306,1000095291,5680,NA,2017-11-01,MIS
1071659,Tanzania,TZA,Africa,1071657,TZ201700000200,-4.256547,33.010769,RURAL,11,2017,11,2017,0.8,4,16,0,0,RDT,Unknown,NA,TZ201700000200,1000095291,5680,NA,2017-11-01,MIS
1071539,Tanzania,TZA,Africa,1071537,TZ201700000180,-8.603135,34.347018,URBAN,11,2017,11,2017,0.9,3,10,0,0,RDT,Unknown,NA,TZ201700000180,1000095291,5680,NA,2017-11-01,MIS
1072331,Tanzania,TZA,Africa,1072329,TZ201700000312,-1.826996,34.666254,RURAL,11,2017,11,2017,0.9,4,23,6,0.260869565217391,RDT,Unknown,NA,TZ201700000312,1000095291,5680,NA,2017-11-01,MIS
1072895,Tanzania,TZA,Africa,1072893,TZ201700000406,-5.866314,39.303526,RURAL,11,2017,11,2017,0.9,4,10,0,0,RDT,Unknown,NA,TZ201700000406,1000095291,5680,NA,2017-11-01,MIS
1071773,Tanzania,TZA,Africa,1071771,TZ201700000219,-8.316764,31.714424,RURAL,11,2017,11,2017,0.9,4,16,0,0,RDT,Unknown,NA,TZ201700000219,1000095291,5680,NA,2017-11-01,MIS
1071863,Tanzania,TZA,Africa,1071861,TZ201700000234,-4.918173,29.689292,URBAN,11,2017,11,2017,0.9,4,22,4,0.181818181818182,RDT,Unknown,NA,TZ201700000234,1000095291,5680,NA,2017-11-01,MIS
1072247,Tanzania,TZA,Africa,1072245,TZ201700000298,-2.504888,32.409146,RURAL,11,2017,11,2017,0.9,4,19,0,0,RDT,Unknown,NA,TZ201700000298,1000095291,5680,NA,2017-11-01,MIS
1071713,Tanzania,TZA,Africa,1071711,TZ201700000209,-5.850014,32.954187,RURAL,11,2017,11,2017,0.9,4,12,0,0,RDT,Unknown,NA,TZ201700000209,1000095291,5680,NA,2017-11-01,MIS
1070507,Tanzania,TZA,Africa,1070505,TZ201700000008,-5.758581,35.353383,RURAL,11,2017,11,2017,0.9,4,12,0,0,RDT,Unknown,NA,TZ201700000008,1000095291,5680,NA,2017-11-01,MIS
1071095,Tanzania,TZA,Africa,1071093,TZ201700000106,-10.108037,38.680224,RURAL,11,2017,11,2017,0.9,4,11,2,0.181818181818182,RDT,Unknown,NA,TZ201700000106,1000095291,5680,NA,2017-11-01,MIS
1072847,Tanzania,TZA,Africa,1072845,TZ201700000398,-3.67363,32.332814,RURAL,11,2017,11,2017,0.9,4,28,5,0.178571428571429,RDT,Unknown,NA,TZ201700000398,1000095291,5680,NA,2017-11-01,MIS
1072067,Tanzania,TZA,Africa,1072065,TZ201700000268,-1.739831,30.949283,RURAL,11,2017,11,2017,0.9,4,9,2,0.222222222222222,RDT,Unknown,NA,TZ201700000268,1000095291,5680,NA,2017-11-01,MIS
1070747,Tanzania,TZA,Africa,1070745,TZ201700000048,-8.070868,36.681258,URBAN,11,2017,11,2017,0.9,4,11,0,0,RDT,Unknown,NA,TZ201700000048,1000095291,5680,NA,2017-11-01,MIS
1072925,Tanzania,TZA,Africa,1072923,TZ201700000411,-5.920365,39.25724,RURAL,11,2017,11,2017,1,4,17,0,0,RDT,Unknown,NA,TZ201700000411,1000095291,5680,NA,2017-11-01,MIS
1072145,Tanzania,TZA,Africa,1072143,TZ201700000281,-1.33268,31.781751,URBAN,11,2017,11,2017,1,4,14,1,0.0714285714285714,RDT,Unknown,NA,TZ201700000281,1000095291,5680,NA,2017-11-01,MIS
1072601,Tanzania,TZA,Africa,1072599,TZ201700000357,-5.778337,31.147955,RURAL,11,2017,11,2017,1,4,11,7,0.636363636363636,RDT,Unknown,NA,TZ201700000357,1000095291,5680,NA,2017-11-01,MIS
1071077,Tanzania,TZA,Africa,1071075,TZ201700000103,-10.088532,39.23854,RURAL,11,2017,11,2017,1,4,14,0,0,RDT,Unknown,NA,TZ201700000103,1000095291,5680,NA,2017-11-01,MIS
1072625,Tanzania,TZA,Africa,1072623,TZ201700000361,-6.409139,31.103732,RURAL,11,2017,11,2017,1,4,9,1,0.111111111111111,RDT,Unknown,NA,TZ201700000361,1000095291,5680,NA,2017-11-01,MIS
1071827,Tanzania,TZA,Africa,1071825,TZ201700000228,-3.64022,30.680264,RURAL,11,2017,11,2017,1,4,14,0,0,RDT,Unknown,NA,TZ201700000228,1000095291,5680,NA,2017-11-01,MIS
1072547,Tanzania,TZA,Africa,1072545,TZ201700000348,-6.345983,31.083345,URBAN,11,2017,11,2017,1,4,11,1,0.0909090909090909,RDT,Unknown,NA,TZ201700000348,1000095291,5680,NA,2017-11-01,MIS
1072769,Tanzania,TZA,Africa,1072767,TZ201700000385,-2.495229,33.841927,RURAL,11,2017,11,2017,1.1,4,17,2,0.117647058823529,RDT,Unknown,NA,TZ201700000385,1000095291,5680,NA,2017-11-01,MIS
1072793,Tanzania,TZA,Africa,1072791,TZ201700000389,-3.028198,32.311993,RURAL,11,2017,11,2017,1.1,4,22,2,0.0909090909090909,RDT,Unknown,NA,TZ201700000389,1000095291,5680,NA,2017-11-01,MIS
1070951,Tanzania,TZA,Africa,1070949,TZ201700000082,-6.81151,39.2216,URBAN,11,2017,11,2017,1.1,4,7,1,0.142857142857143,RDT,Unknown,NA,TZ201700000082,1000095291,5680,NA,2017-11-01,MIS
1073093,Tanzania,TZA,Africa,1073091,TZ201700000439,-5.42192,39.689722,RURAL,11,2017,11,2017,1.1,4,17,0,0,RDT,Unknown,NA,TZ201700000439,1000095291,5680,NA,2017-11-01,MIS
1070753,Tanzania,TZA,Africa,1070751,TZ201700000049,-8.109685,36.553199,RURAL,11,2017,11,2017,1.1,4,4,0,0,RDT,Unknown,NA,TZ201700000049,1000095291,5680,NA,2017-11-01,MIS
1071911,Tanzania,TZA,Africa,1071909,TZ201700000242,-4.492171,29.82359,RURAL,11,2017,11,2017,1.1,4,18,3,0.166666666666667,RDT,Unknown,NA,TZ201700000242,1000095291,5680,NA,2017-11-01,MIS
1070765,Tanzania,TZA,Africa,1070763,TZ201700000051,-8.97943,36.763051,RURAL,11,2017,11,2017,1.1,4,17,8,0.470588235294118,RDT,Unknown,NA,TZ201700000051,1000095291,5680,NA,2017-11-01,MIS
1072901,Tanzania,TZA,Africa,1072899,TZ201700000407,-5.7358459999999996,39.292417,URBAN,11,2017,11,2017,1.1,4,11,0,0,RDT,Unknown,NA,TZ201700000407,1000095291,5680,NA,2017-11-01,MIS
1072937,Tanzania,TZA,Africa,1072935,TZ201700000413,-5.986928,39.255634,URBAN,11,2017,11,2017,1.1,4,12,0,0,RDT,Unknown,NA,TZ201700000413,1000095291,5680,NA,2017-11-01,MIS
1070957,Tanzania,TZA,Africa,1070955,TZ201700000083,-6.736659,39.212912,URBAN,11,2017,11,2017,1.2,4,7,1,0.142857142857143,RDT,Unknown,NA,TZ201700000083,1000095291,5680,NA,2017-11-01,MIS
1071833,Tanzania,TZA,Africa,1071831,TZ201700000229,-4.381504,30.353013,RURAL,11,2017,11,2017,1.2,4,13,0,0,RDT,Unknown,NA,TZ201700000229,1000095291,5680,NA,2017-11-01,MIS
1070741,Tanzania,TZA,Africa,1070739,TZ201700000047,-7.774701,36.909952,RURAL,11,2017,11,2017,1.2,4,6,1,0.166666666666667,RDT,Unknown,NA,TZ201700000047,1000095291,5680,NA,2017-11-01,MIS
1071251,Tanzania,TZA,Africa,1071249,TZ201700000132,-10.920521,38.091937,RURAL,11,2017,11,2017,1.2,4,12,0,0,RDT,Unknown,NA,TZ201700000132,1000095291,5680,NA,2017-11-01,MIS
1072175,Tanzania,TZA,Africa,1072173,TZ201700000286,-1.991686,32.922926,URBAN,11,2017,11,2017,1.2,4,17,7,0.411764705882353,RDT,Unknown,NA,TZ201700000286,1000095291,5680,NA,2017-11-01,MIS
1072871,Tanzania,TZA,Africa,1072869,TZ201700000402,-2.529952,31.700229,RURAL,11,2017,11,2017,1.3,4,14,1,0.0714285714285714,RDT,Unknown,NA,TZ201700000402,1000095291,5680,NA,2017-11-01,MIS
1072001,Tanzania,TZA,Africa,1071999,TZ201700000257,-3.680558,32.542072,RURAL,11,2017,11,2017,1.3,4,25,0,0,RDT,Unknown,NA,TZ201700000257,1000095291,5680,NA,2017-11-01,MIS
1071929,Tanzania,TZA,Africa,1071927,TZ201700000245,-4.562995,30.117942,URBAN,11,2017,11,2017,1.3,4,10,1,0.1,RDT,Unknown,NA,TZ201700000245,1000095291,5680,NA,2017-11-01,MIS
1071287,Tanzania,TZA,Africa,1071285,TZ201700000138,-11.296171,36.833685,RURAL,11,2017,11,2017,1.3,4,9,5,0.555555555555556,RDT,Unknown,NA,TZ201700000138,1000095291,5680,NA,2017-11-01,MIS
1073045,Tanzania,TZA,Africa,1073043,TZ201700000431,-5.051122,39.73773,URBAN,11,2017,11,2017,1.3,4,18,0,0,RDT,Unknown,NA,TZ201700000431,1000095291,5680,NA,2017-11-01,MIS
1071107,Tanzania,TZA,Africa,1071105,TZ201700000108,-10.376286,38.696704,RURAL,11,2017,11,2017,1.4,3,7,0,0,RDT,Unknown,NA,TZ201700000108,1000095291,5680,NA,2017-11-01,MIS
1071719,Tanzania,TZA,Africa,1071717,TZ201700000210,-5.618389,32.749711,URBAN,11,2017,11,2017,1.4,4,10,0,0,RDT,Unknown,NA,TZ201700000210,1000095291,5680,NA,2017-11-01,MIS
1071389,Tanzania,TZA,Africa,1071387,TZ201700000155,-11.115828,34.668838,RURAL,11,2017,11,2017,1.5,4,13,2,0.153846153846154,RDT,Unknown,NA,TZ201700000155,1000095291,5680,NA,2017-11-01,MIS
1071113,Tanzania,TZA,Africa,1071111,TZ201700000109,-10.396177,38.748193,RURAL,11,2017,11,2017,1.5,4,9,0,0,RDT,Unknown,NA,TZ201700000109,1000095291,5680,NA,2017-11-01,MIS
1071185,Tanzania,TZA,Africa,1071183,TZ201700000121,-10.702473,39.335363,RURAL,11,2017,11,2017,1.5,4,12,1,0.0833333333333333,RDT,Unknown,NA,TZ201700000121,1000095291,5680,NA,2017-11-01,MIS
1072913,Tanzania,TZA,Africa,1072911,TZ201700000409,-5.755229,39.300314,RURAL,11,2017,11,2017,1.5,4,11,0,0,RDT,Unknown,NA,TZ201700000409,1000095291,5680,NA,2017-11-01,MIS
1071467,Tanzania,TZA,Africa,1071465,TZ201700000168,-9.259635,33.161848,RURAL,11,2017,11,2017,1.5,4,9,0,0,RDT,Unknown,NA,TZ201700000168,1000095291,5680,NA,2017-11-01,MIS
1071083,Tanzania,TZA,Africa,1071081,TZ201700000104,-9.825484,39.582237,RURAL,11,2017,11,2017,1.6,3,7,2,0.285714285714286,RDT,Unknown,NA,TZ201700000104,1000095291,5680,NA,2017-11-01,MIS
1070723,Tanzania,TZA,Africa,1070721,TZ201700000044,-6.752705,36.672936,RURAL,11,2017,11,2017,1.6,4,12,0,0,RDT,Unknown,NA,TZ201700000044,1000095291,5680,NA,2017-11-01,MIS
1071197,Tanzania,TZA,Africa,1071195,TZ201700000123,-10.62452,38.65924,RURAL,11,2017,11,2017,1.7,4,9,0,0,RDT,Unknown,NA,TZ201700000123,1000095291,5680,NA,2017-11-01,MIS
1071377,Tanzania,TZA,Africa,1071375,TZ201700000153,-10.532904,35.962407,RURAL,11,2017,11,2017,1.8,4,9,0,0,RDT,Unknown,NA,TZ201700000153,1000095291,5680,NA,2017-11-01,MIS
1071323,Tanzania,TZA,Africa,1071321,TZ201700000144,-11.036842,35.112636,RURAL,11,2017,11,2017,1.8,4,8,2,0.25,RDT,Unknown,NA,TZ201700000144,1000095291,5680,NA,2017-11-01,MIS
1072157,Tanzania,TZA,Africa,1072155,TZ201700000283,-1.292417,31.390071,RURAL,11,2017,11,2017,1.9,4,11,1,0.0909090909090909,RDT,Unknown,NA,TZ201700000283,1000095291,5680,NA,2017-11-01,MIS
1071209,Tanzania,TZA,Africa,1071207,TZ201700000125,-10.892987,38.994358,URBAN,11,2017,11,2017,2.3,3,3,0,0,RDT,Unknown,NA,TZ201700000125,1000095291,5680,NA,2017-11-01,MIS
1072979,Tanzania,TZA,Africa,1072977,TZ201700000420,-6.205525,39.51683,RURAL,11,2017,11,2017,2.4,4,13,0,0,RDT,Unknown,NA,TZ201700000420,1000095291,5680,NA,2017-11-01,MIS
1072931,Tanzania,TZA,Africa,1072929,TZ201700000412,-6.022903,39.268465,RURAL,11,2017,12,2017,0.5,4,24,0,0,RDT,Unknown,NA,TZ201700000412,1000095291,5680,NA,2017-11-01,MIS
1070501,Tanzania,TZA,Africa,1070499,TZ201700000007,-6.166243,35.735056,URBAN,11,2017,12,2017,0.6,4,10,0,0,RDT,Unknown,NA,TZ201700000007,1000095291,5680,NA,2017-11-01,MIS
1071851,Tanzania,TZA,Africa,1071849,TZ201700000232,-4.502026,29.763552,RURAL,11,2017,12,2017,1.9,4,13,1,0.0769230769230769,RDT,Unknown,NA,TZ201700000232,1000095291,5680,NA,2017-11-01,MIS
1071599,Tanzania,TZA,Africa,1071597,TZ201700000190,-5.857621,34.162912,RURAL,12,2017,12,2017,0.5,4,60,5,0.0833333333333333,RDT,Unknown,NA,TZ201700000190,1000095291,5680,NA,2017-12-01,MIS
1070981,Tanzania,TZA,Africa,1070979,TZ201700000087,-6.924863,39.100265,URBAN,12,2017,12,2017,0.5,4,16,0,0,RDT,Unknown,NA,TZ201700000087,1000095291,5680,NA,2017-12-01,MIS
1072211,Tanzania,TZA,Africa,1072209,TZ201700000292,-2.621541,32.881991,URBAN,12,2017,12,2017,0.5,4,23,1,0.0434782608695652,RDT,Unknown,NA,TZ201700000292,1000095291,5680,NA,2017-12-01,MIS
1071575,Tanzania,TZA,Africa,1071573,TZ201700000186,-4.502668,34.491712,RURAL,12,2017,12,2017,0.5,4,31,0,0,RDT,Unknown,NA,TZ201700000186,1000095291,5680,NA,2017-12-01,MIS
1071593,Tanzania,TZA,Africa,1071591,TZ201700000189,-5.791097,34.94459,RURAL,12,2017,12,2017,0.5,4,18,0,0,RDT,Unknown,NA,TZ201700000189,1000095291,5680,NA,2017-12-01,MIS
1070897,Tanzania,TZA,Africa,1070895,TZ201700000073,-7.280489,39.134215,RURAL,12,2017,12,2017,0.5,4,22,9,0.409090909090909,RDT,Unknown,NA,TZ201700000073,1000095291,5680,NA,2017-12-01,MIS
1070837,Tanzania,TZA,Africa,1070835,TZ201700000063,-6.511598,39.009566,RURAL,12,2017,12,2017,0.5,4,17,0,0,RDT,Unknown,NA,TZ201700000063,1000095291,5680,NA,2017-12-01,MIS
1071497,Tanzania,TZA,Africa,1071495,TZ201700000173,-9.513052,33.493805,RURAL,12,2017,12,2017,0.5,4,12,0,0,RDT,Unknown,NA,TZ201700000173,1000095291,5680,NA,2017-12-01,MIS
1071629,Tanzania,TZA,Africa,1071627,TZ201700000195,-4.501995,34.744797,RURAL,12,2017,12,2017,0.5,4,23,0,0,RDT,Unknown,NA,TZ201700000195,1000095291,5680,NA,2017-12-01,MIS
1070915,Tanzania,TZA,Africa,1070913,TZ201700000076,-7.927922,39.076223,RURAL,12,2017,12,2017,0.5,4,29,2,0.0689655172413793,RDT,Unknown,NA,TZ201700000076,1000095291,5680,NA,2017-12-01,MIS
1070999,Tanzania,TZA,Africa,1070997,TZ201700000090,-6.918804,39.20613,URBAN,12,2017,12,2017,0.5,4,16,0,0,RDT,Unknown,NA,TZ201700000090,1000095291,5680,NA,2017-12-01,MIS
1070855,Tanzania,TZA,Africa,1070853,TZ201700000066,-6.643908,38.392753,URBAN,12,2017,12,2017,0.5,4,10,0,0,RDT,Unknown,NA,TZ201700000066,1000095291,5680,NA,2017-12-01,MIS
1073069,Tanzania,TZA,Africa,1073067,TZ201700000435,-4.945427,39.72103,RURAL,12,2017,12,2017,0.5,4,22,0,0,RDT,Unknown,NA,TZ201700000435,1000095291,5680,NA,2017-12-01,MIS
1070681,Tanzania,TZA,Africa,1070679,TZ201700000037,-5.263774,38.444987,RURAL,12,2017,12,2017,0.5,4,12,0,0,RDT,Unknown,NA,TZ201700000037,1000095291,5680,NA,2017-12-01,MIS
1070465,Tanzania,TZA,Africa,1070463,TZ201700000001,-4.787108,35.637881,RURAL,12,2017,12,2017,0.5,4,13,0,0,RDT,Unknown,NA,TZ201700000001,1000095291,5680,NA,2017-12-01,MIS
1070657,Tanzania,TZA,Africa,1070655,TZ201700000033,-5.05711,38.393396,RURAL,12,2017,12,2017,0.5,4,9,0,0,RDT,Unknown,NA,TZ201700000033,1000095291,5680,NA,2017-12-01,MIS
1071005,Tanzania,TZA,Africa,1071003,TZ201700000091,-6.858216,39.314366,URBAN,12,2017,12,2017,0.6,3,7,0,0,RDT,Unknown,NA,TZ201700000091,1000095291,5680,NA,2017-12-01,MIS
1071413,Tanzania,TZA,Africa,1071411,TZ201700000159,-8.600383,35.150039,URBAN,12,2017,12,2017,0.6,3,9,0,0,RDT,Unknown,NA,TZ201700000159,1000095291,5680,NA,2017-12-01,MIS
1070675,Tanzania,TZA,Africa,1070673,TZ201700000036,-5.487211,38.945274,RURAL,12,2017,12,2017,0.6,4,13,0,0,RDT,Unknown,NA,TZ201700000036,1000095291,5680,NA,2017-12-01,MIS
1071605,Tanzania,TZA,Africa,1071603,TZ201700000191,-4.928021,34.568318,RURAL,12,2017,12,2017,0.6,4,21,0,0,RDT,Unknown,NA,TZ201700000191,1000095291,5680,NA,2017-12-01,MIS
1070495,Tanzania,TZA,Africa,1070493,TZ201700000006,-6.492207,35.734696,RURAL,12,2017,12,2017,0.6,4,10,0,0,RDT,Unknown,NA,TZ201700000006,1000095291,5680,NA,2017-12-01,MIS
1071581,Tanzania,TZA,Africa,1071579,TZ201700000187,-4.574488,34.335752,URBAN,12,2017,12,2017,0.6,4,12,0,0,RDT,Unknown,NA,TZ201700000187,1000095291,5680,NA,2017-12-01,MIS
1072481,Tanzania,TZA,Africa,1072479,TZ201700000337,-9.514539,34.847455,RURAL,12,2017,12,2017,0.6,4,12,0,0,RDT,Unknown,NA,TZ201700000337,1000095291,5680,NA,2017-12-01,MIS
1070885,Tanzania,TZA,Africa,1070883,TZ201700000071,-6.992634,39.348737,RURAL,12,2017,12,2017,0.6,4,10,0,0,RDT,Unknown,NA,TZ201700000071,1000095291,5680,NA,2017-12-01,MIS
1072199,Tanzania,TZA,Africa,1072197,TZ201700000290,-2.526282,32.915363,URBAN,12,2017,12,2017,0.6,4,18,0,0,RDT,Unknown,NA,TZ201700000290,1000095291,5680,NA,2017-12-01,MIS
1070519,Tanzania,TZA,Africa,1070517,TZ201700000010,-5.264998,35.512117,RURAL,12,2017,12,2017,0.6,4,28,0,0,RDT,Unknown,NA,TZ201700000010,1000095291,5680,NA,2017-12-01,MIS
1071011,Tanzania,TZA,Africa,1071009,TZ201700000092,-6.91506,39.253576,URBAN,12,2017,12,2017,0.6,4,14,0,0,RDT,Unknown,NA,TZ201700000092,1000095291,5680,NA,2017-12-01,MIS
1070849,Tanzania,TZA,Africa,1070847,TZ201700000065,-6.552094,39.00269,RURAL,12,2017,12,2017,0.6,4,12,0,0,RDT,Unknown,NA,TZ201700000065,1000095291,5680,NA,2017-12-01,MIS
1071491,Tanzania,TZA,Africa,1071489,TZ201700000172,-9.293261,33.496469,RURAL,12,2017,12,2017,0.6,4,16,0,0,RDT,Unknown,NA,TZ201700000172,1000095291,5680,NA,2017-12-01,MIS
1070939,Tanzania,TZA,Africa,1070937,TZ201700000080,-6.731636,38.861537,URBAN,12,2017,12,2017,0.6,4,15,2,0.133333333333333,RDT,Unknown,NA,TZ201700000080,1000095291,5680,NA,2017-12-01,MIS
1070825,Tanzania,TZA,Africa,1070823,TZ201700000061,-6.37343,38.586433,RURAL,12,2017,12,2017,0.6,4,12,0,0,RDT,Unknown,NA,TZ201700000061,1000095291,5680,NA,2017-12-01,MIS
1071425,Tanzania,TZA,Africa,1071423,TZ201700000161,-8.203291,35.68857,RURAL,12,2017,12,2017,0.6,4,16,0,0,RDT,Unknown,NA,TZ201700000161,1000095291,5680,NA,2017-12-01,MIS
1070693,Tanzania,TZA,Africa,1070691,TZ201700000039,-4.926907,39.041362,RURAL,12,2017,12,2017,0.6,4,16,1,0.0625,RDT,Unknown,NA,TZ201700000039,1000095291,5680,NA,2017-12-01,MIS
1071269,Tanzania,TZA,Africa,1071267,TZ201700000135,-10.734832,38.99084,RURAL,12,2017,12,2017,0.7,3,5,1,0.2,RDT,Unknown,NA,TZ201700000135,1000095291,5680,NA,2017-12-01,MIS
1072505,Tanzania,TZA,Africa,1072503,TZ201700000341,-8.968299,34.903797,RURAL,12,2017,12,2017,0.7,4,12,0,0,RDT,Unknown,NA,TZ201700000341,1000095291,5680,NA,2017-12-01,MIS
1071515,Tanzania,TZA,Africa,1071513,TZ201700000176,-9.044471,32.985353,RURAL,12,2017,12,2017,0.7,4,12,0,0,RDT,Unknown,NA,TZ201700000176,1000095291,5680,NA,2017-12-01,MIS
1070645,Tanzania,TZA,Africa,1070643,TZ201700000031,-4.531019,38.245472,RURAL,12,2017,12,2017,0.7,4,8,0,0,RDT,Unknown,NA,TZ201700000031,1000095291,5680,NA,2017-12-01,MIS
1071017,Tanzania,TZA,Africa,1071015,TZ201700000093,-6.843763,39.286837,URBAN,12,2017,12,2017,0.7,4,7,0,0,RDT,Unknown,NA,TZ201700000093,1000095291,5680,NA,2017-12-01,MIS
1070873,Tanzania,TZA,Africa,1070871,TZ201700000069,-6.917027,38.739981,RURAL,12,2017,12,2017,0.7,4,8,0,0,RDT,Unknown,NA,TZ201700000069,1000095291,5680,NA,2017-12-01,MIS
1070831,Tanzania,TZA,Africa,1070829,TZ201700000062,-6.439537,38.883956,URBAN,12,2017,12,2017,0.7,4,20,0,0,RDT,Unknown,NA,TZ201700000062,1000095291,5680,NA,2017-12-01,MIS
1071509,Tanzania,TZA,Africa,1071507,TZ201700000175,-9.232978,32.989111,RURAL,12,2017,12,2017,0.7,4,14,0,0,RDT,Unknown,NA,TZ201700000175,1000095291,5680,NA,2017-12-01,MIS
1071029,Tanzania,TZA,Africa,1071027,TZ201700000095,-6.903925,39.253182,URBAN,12,2017,12,2017,0.7,4,16,0,0,RDT,Unknown,NA,TZ201700000095,1000095291,5680,NA,2017-12-01,MIS
1070471,Tanzania,TZA,Africa,1070469,TZ201700000002,-6.425522,36.551933,RURAL,12,2017,12,2017,0.7,4,16,0,0,RDT,Unknown,NA,TZ201700000002,1000095291,5680,NA,2017-12-01,MIS
1071473,Tanzania,TZA,Africa,1071471,TZ201700000169,-8.93415,33.354289,URBAN,12,2017,12,2017,0.7,4,18,0,0,RDT,Unknown,NA,TZ201700000169,1000095291,5680,NA,2017-12-01,MIS
1072487,Tanzania,TZA,Africa,1072485,TZ201700000338,-8.932194,34.634248,RURAL,12,2017,12,2017,0.8,3,5,0,0,RDT,Unknown,NA,TZ201700000338,1000095291,5680,NA,2017-12-01,MIS
1070861,Tanzania,TZA,Africa,1070859,TZ201700000067,-6.910969,38.553286,RURAL,12,2017,12,2017,0.8,4,10,1,0.1,RDT,Unknown,NA,TZ201700000067,1000095291,5680,NA,2017-12-01,MIS
1070699,Tanzania,TZA,Africa,1070697,TZ201700000040,-5.175998,38.473768,URBAN,12,2017,12,2017,0.8,4,17,0,0,RDT,Unknown,NA,TZ201700000040,1000095291,5680,NA,2017-12-01,MIS
1071617,Tanzania,TZA,Africa,1071615,TZ201700000193,-5.100697,34.815215,RURAL,12,2017,12,2017,0.8,4,17,0,0,RDT,Unknown,NA,TZ201700000193,1000095291,5680,NA,2017-12-01,MIS
1070969,Tanzania,TZA,Africa,1070967,TZ201700000085,-6.778892,39.088365,URBAN,12,2017,12,2017,0.8,4,11,0,0,RDT,Unknown,NA,TZ201700000085,1000095291,5680,NA,2017-12-01,MIS
1070663,Tanzania,TZA,Africa,1070661,TZ201700000034,-5.307025,38.764648,RURAL,12,2017,12,2017,0.8,4,8,2,0.25,RDT,Unknown,NA,TZ201700000034,1000095291,5680,NA,2017-12-01,MIS
1070477,Tanzania,TZA,Africa,1070475,TZ201700000003,-6.230726,36.587329,RURAL,12,2017,12,2017,0.8,4,20,0,0,RDT,Unknown,NA,TZ201700000003,1000095291,5680,NA,2017-12-01,MIS
1071437,Tanzania,TZA,Africa,1071435,TZ201700000163,-7.583844,36.26122,RURAL,12,2017,12,2017,0.8,4,14,1,0.0714285714285714,RDT,Unknown,NA,TZ201700000163,1000095291,5680,NA,2017-12-01,MIS
1071395,Tanzania,TZA,Africa,1071393,TZ201700000156,-7.839893,35.640417,RURAL,12,2017,12,2017,0.8,4,17,0,0,RDT,Unknown,NA,TZ201700000156,1000095291,5680,NA,2017-12-01,MIS
1070927,Tanzania,TZA,Africa,1070925,TZ201700000078,-7.93626,39.66495,URBAN,12,2017,12,2017,0.8,4,8,1,0.125,RDT,Unknown,NA,TZ201700000078,1000095291,5680,NA,2017-12-01,MIS
1071587,Tanzania,TZA,Africa,1071585,TZ201700000188,-4.734742,35.033381,RURAL,12,2017,12,2017,0.8,4,23,0,0,RDT,Unknown,NA,TZ201700000188,1000095291,5680,NA,2017-12-01,MIS
1070993,Tanzania,TZA,Africa,1070991,TZ201700000089,-6.867468,39.213599,URBAN,12,2017,12,2017,0.8,4,6,0,0,RDT,Unknown,NA,TZ201700000089,1000095291,5680,NA,2017-12-01,MIS
1070513,Tanzania,TZA,Africa,1070511,TZ201700000009,-6.457004,35.574988,RURAL,12,2017,12,2017,0.8,4,17,1,0.0588235294117647,RDT,Unknown,NA,TZ201700000009,1000095291,5680,NA,2017-12-01,MIS
1072499,Tanzania,TZA,Africa,1072497,TZ201700000340,-9.322214,34.036129,RURAL,12,2017,12,2017,0.8,4,11,0,0,RDT,Unknown,NA,TZ201700000340,1000095291,5680,NA,2017-12-01,MIS
1070909,Tanzania,TZA,Africa,1070907,TZ201700000075,-7.777621,38.240657,RURAL,12,2017,12,2017,0.8,4,8,0,0,RDT,Unknown,NA,TZ201700000075,1000095291,5680,NA,2017-12-01,MIS
1070669,Tanzania,TZA,Africa,1070667,TZ201700000035,-5.087396,39.107365,URBAN,12,2017,12,2017,0.8,4,14,0,0,RDT,Unknown,NA,TZ201700000035,1000095291,5680,NA,2017-12-01,MIS
1072475,Tanzania,TZA,Africa,1072473,TZ201700000336,-9.323975,34.763762,URBAN,12,2017,12,2017,0.8,4,7,0,0,RDT,Unknown,NA,TZ201700000336,1000095291,5680,NA,2017-12-01,MIS
1072205,Tanzania,TZA,Africa,1072203,TZ201700000291,-2.548765,32.929267,URBAN,12,2017,12,2017,0.8,4,20,0,0,RDT,Unknown,NA,TZ201700000291,1000095291,5680,NA,2017-12-01,MIS
1070933,Tanzania,TZA,Africa,1070931,TZ201700000079,-6.778388,38.959009,URBAN,12,2017,12,2017,0.8,4,13,0,0,RDT,Unknown,NA,TZ201700000079,1000095291,5680,NA,2017-12-01,MIS
1071023,Tanzania,TZA,Africa,1071021,TZ201700000094,-6.911617,39.269386,URBAN,12,2017,12,2017,0.8,4,7,0,0,RDT,Unknown,NA,TZ201700000094,1000095291,5680,NA,2017-12-01,MIS
1070903,Tanzania,TZA,Africa,1070901,TZ201700000074,-7.949433,38.970196,URBAN,12,2017,12,2017,0.9,4,15,0,0,RDT,Unknown,NA,TZ201700000074,1000095291,5680,NA,2017-12-01,MIS
1071401,Tanzania,TZA,Africa,1071399,TZ201700000157,-7.375171,35.501686,RURAL,12,2017,12,2017,0.9,4,10,0,0,RDT,Unknown,NA,TZ201700000157,1000095291,5680,NA,2017-12-01,MIS
1072517,Tanzania,TZA,Africa,1072515,TZ201700000343,-9.805604,34.710065,URBAN,12,2017,12,2017,0.9,4,11,0,0,RDT,Unknown,NA,TZ201700000343,1000095291,5680,NA,2017-12-01,MIS
1070891,Tanzania,TZA,Africa,1070889,TZ201700000072,-7.388164,39.161622,RURAL,12,2017,12,2017,0.9,4,10,5,0.5,RDT,Unknown,NA,TZ201700000072,1000095291,5680,NA,2017-12-01,MIS
1070687,Tanzania,TZA,Africa,1070685,TZ201700000038,-5.489327,37.634447,RURAL,12,2017,12,2017,0.9,4,21,1,0.0476190476190476,RDT,Unknown,NA,TZ201700000038,1000095291,5680,NA,2017-12-01,MIS
1071449,Tanzania,TZA,Africa,1071447,TZ201700000165,-7.685616,36.047084,URBAN,12,2017,12,2017,1,4,8,0,0,RDT,Unknown,NA,TZ201700000165,1000095291,5680,NA,2017-12-01,MIS
1071623,Tanzania,TZA,Africa,1071621,TZ201700000194,-4.152416,34.900367,RURAL,12,2017,12,2017,1,4,17,0,0,RDT,Unknown,NA,TZ201700000194,1000095291,5680,NA,2017-12-01,MIS
1071569,Tanzania,TZA,Africa,1071567,TZ201700000185,-9.295091,32.76341,URBAN,12,2017,12,2017,1,4,14,0,0,RDT,Unknown,NA,TZ201700000185,1000095291,5680,NA,2017-12-01,MIS
1070987,Tanzania,TZA,Africa,1070985,TZ201700000088,-6.83958,39.245314,URBAN,12,2017,12,2017,1,4,13,0,0,RDT,Unknown,NA,TZ201700000088,1000095291,5680,NA,2017-12-01,MIS
1071443,Tanzania,TZA,Africa,1071441,TZ201700000164,-7.730695,35.896395,RURAL,12,2017,12,2017,1,4,17,0,0,RDT,Unknown,NA,TZ201700000164,1000095291,5680,NA,2017-12-01,MIS
1070867,Tanzania,TZA,Africa,1070865,TZ201700000068,-7.039263,38.97977,RURAL,12,2017,12,2017,1,4,9,1,0.111111111111111,RDT,Unknown,NA,TZ201700000068,1000095291,5680,NA,2017-12-01,MIS
1071407,Tanzania,TZA,Africa,1071405,TZ201700000158,-8.953534,35.170395,RURAL,12,2017,12,2017,1,4,11,1,0.0909090909090909,RDT,Unknown,NA,TZ201700000158,1000095291,5680,NA,2017-12-01,MIS
1070921,Tanzania,TZA,Africa,1070919,TZ201700000077,-7.562508,39.123398,RURAL,12,2017,12,2017,1,4,10,1,0.1,RDT,Unknown,NA,TZ201700000077,1000095291,5680,NA,2017-12-01,MIS
1071521,Tanzania,TZA,Africa,1071519,TZ201700000177,-9.015786,32.988841,URBAN,12,2017,12,2017,1,4,10,0,0,RDT,Unknown,NA,TZ201700000177,1000095291,5680,NA,2017-12-01,MIS
1072493,Tanzania,TZA,Africa,1072491,TZ201700000339,-9.375402,34.660026,RURAL,12,2017,12,2017,1.2,4,11,0,0,RDT,Unknown,NA,TZ201700000339,1000095291,5680,NA,2017-12-01,MIS
1071527,Tanzania,TZA,Africa,1071525,TZ201700000178,-9.105719,32.940356,URBAN,12,2017,12,2017,1.2,4,11,0,0,RDT,Unknown,NA,TZ201700000178,1000095291,5680,NA,2017-12-01,MIS
1072511,Tanzania,TZA,Africa,1072509,TZ201700000342,-9.751563,34.51715,RURAL,12,2017,12,2017,1.3,4,12,0,0,RDT,Unknown,NA,TZ201700000342,1000095291,5680,NA,2017-12-01,MIS
1070651,Tanzania,TZA,Africa,1070649,TZ201700000032,-4.683704,38.286242,RURAL,12,2017,12,2017,1.3,4,6,0,0,RDT,Unknown,NA,TZ201700000032,1000095291,5680,NA,2017-12-01,MIS
1072919,Tanzania,TZA,Africa,1072917,TZ201700000410,-6.019479,39.199578,RURAL,12,2017,12,2017,1.3,4,14,0,0,RDT,Unknown,NA,TZ201700000410,1000095291,5680,NA,2017-12-01,MIS
1070483,Tanzania,TZA,Africa,1070481,TZ201700000004,-6.164344,36.044448,RURAL,12,2017,12,2017,1.3,4,6,0,0,RDT,Unknown,NA,TZ201700000004,1000095291,5680,NA,2017-12-01,MIS
1071419,Tanzania,TZA,Africa,1071417,TZ201700000160,-8.4018910000000009,34.868267,RURAL,12,2017,12,2017,1.3,4,14,0,0,RDT,Unknown,NA,TZ201700000160,1000095291,5680,NA,2017-12-01,MIS
1071203,Tanzania,TZA,Africa,1071201,TZ201700000124,-10.497284,39.101992,RURAL,12,2017,12,2017,1.3,4,9,2,0.222222222222222,RDT,Unknown,NA,TZ201700000124,1000095291,5680,NA,2017-12-01,MIS
1071503,Tanzania,TZA,Africa,1071501,TZ201700000174,-8.853614,32.78087,RURAL,12,2017,12,2017,1.3,4,7,0,0,RDT,Unknown,NA,TZ201700000174,1000095291,5680,NA,2017-12-01,MIS
1070843,Tanzania,TZA,Africa,1070841,TZ201700000064,-6.625883,38.23533,RURAL,12,2017,12,2017,1.4,3,6,0,0,RDT,Unknown,NA,TZ201700000064,1000095291,5680,NA,2017-12-01,MIS
1070489,Tanzania,TZA,Africa,1070487,TZ201700000005,-6.38735,35.915124,URBAN,12,2017,12,2017,1.4,3,3,0,0,RDT,Unknown,NA,TZ201700000005,1000095291,5680,NA,2017-12-01,MIS
1071557,Tanzania,TZA,Africa,1071555,TZ201700000183,-8.966495,32.580574,RURAL,12,2017,12,2017,1.4,4,18,0,0,RDT,Unknown,NA,TZ201700000183,1000095291,5680,NA,2017-12-01,MIS
1071563,Tanzania,TZA,Africa,1071561,TZ201700000184,-9.309648,32.784411,URBAN,12,2017,12,2017,1.4,4,8,0,0,RDT,Unknown,NA,TZ201700000184,1000095291,5680,NA,2017-12-01,MIS
1070879,Tanzania,TZA,Africa,1070877,TZ201700000070,-6.802942,39.018584,URBAN,12,2017,12,2017,1.5,4,8,0,0,RDT,Unknown,NA,TZ201700000070,1000095291,5680,NA,2017-12-01,MIS
1071485,Tanzania,TZA,Africa,1071483,TZ201700000171,-9.538748,33.859222,RURAL,12,2017,12,2017,1.7,4,8,0,0,RDT,Unknown,NA,TZ201700000171,1000095291,5680,NA,2017-12-01,MIS
1072529,Tanzania,TZA,Africa,1072527,TZ201700000345,-8.86219,34.79767,URBAN,12,2017,12,2017,1.9,4,7,0,0,RDT,Unknown,NA,TZ201700000345,1000095291,5680,NA,2017-12-01,MIS
1072523,Tanzania,TZA,Africa,1072521,TZ201700000344,-9.947063,34.706739,RURAL,12,2017,12,2017,2.1,4,7,0,0,RDT,Unknown,NA,TZ201700000344,1000095291,5680,NA,2017-12-01,MIS
1070975,Tanzania,TZA,Africa,1070973,TZ201700000086,-6.785448,39.101823,URBAN,12,2017,12,2017,2.7,4,7,0,0,RDT,Unknown,NA,TZ201700000086,1000095291,5680,NA,2017-12-01,MIS
